Time,A1,A2,A3,
1,0.150001,-0.005278256,0.023806494,
2,-0.065966602,-0.016426961,-0.001934906,
3,-0.013222958,0.009672111,0.006252777,
4,0.024608644,0.020162881,0.01301548,
5,0.146034322,0.021604484,0.002157948,
6,-0.048259904,0.011958483,0.010400544,
7,-0.012743008,-0.000340458,-0.006829934,
8,-0.038363188,0.001667937,-0.016643212,
9,0.058179638,0.006385693,-0.005210646,
10,-0.011803303,-0.024612202,-0.006516757,
11,0.008997553,0.007465875,-0.01578415,
12,0.150701059,0.032130597,0.010379768,
13,0.083333777,0.001869995,0.028148707,
14,0.03999532,-0.000443161,0.013112702,
15,-0.088732011,0.017475434,-0.002754653,
16,-0.086917658,-0.001909336,0.005001905,
17,0.004815448,-0.003736333,0.003885643,
18,-0.1845458,-0.007754574,-0.012473404,
19,0.124952712,-0.001363833,-0.008222104,
20,-0.000386499,0.012835152,-0.007923265,
21,0.149141129,-0.011950684,0.017224624,
22,-0.040366646,0.004636471,-0.011678739,
23,-0.030772098,-0.003542668,0.006941415,
24,-0.134292503,0.013055722,-0.006934519,
25,-0.054614927,0.018817035,0.006870336,
26,-0.113874462,0.006624413,-0.002868311,
27,-0.09148497,0.003805951,0.008554736,
28,0.088112068,0.003128972,0.00826535,
29,-0.098760386,-0.024261428,0.004549415,
30,-0.013961396,0.004211517,-0.0257236,
31,-0.145407201,0.007014374,0.001509282,
32,-0.125746689,0.008760638,0.000389105,
33,0.050653364,0.002581779,0.006204808,
34,0.083122166,0.007118284,-0.004725869,
35,-0.063090863,-0.031546677,-0.005495531,
36,-0.082681586,-0.013386364,-0.01646666,
37,0.098480766,0.003706221,-0.021093333,
38,-0.016821243,-0.003194317,0.015810261,
39,-0.008224792,0.01603341,-0.013941679,
40,-0.05398,0.000930504,0.008949137,
41,-0.021648621,-0.010517313,-0.000993403,
42,-0.144407242,-0.002270623,0.000703083,
43,0.144417895,0.016790317,0.007029115,
44,-0.026498004,0.014374294,0.019167165,
45,-0.023880715,-0.014791783,0.002120123,
46,-0.128527354,0.013485294,-0.00794188,
47,0.081799865,-0.011695964,-0.001652076,
48,-0.042690456,-0.002009887,-0.008328433,
49,0.127729798,-0.010508777,0.001616711,
50,0.132682341,0.006432026,0.000392715,
51,0.016896208,0.017430567,0.007112852,
52,-0.014408786,-0.001651566,0.018745893,
53,0.136929565,0.010672504,0.009622664,
54,0.023541392,0.010564996,0.001199093,
55,-0.108809425,-0.004251043,0.002598454,
56,-0.040150953,-0.008351676,-0.00762761,
57,0.03951055,-0.004755562,-0.004947875,
58,0.097658815,-0.000308971,-0.006837404,
59,-0.045420038,0.017587808,-0.002611178,
60,0.039828219,0.006077378,0.011526682,
61,-0.077174905,0.010306843,0.009689368,
62,-0.099878237,-0.006243506,0.018667066,
63,-0.002544163,0.006785948,0.007766982,
64,0.103870369,-0.000507576,0.01015311,
65,-0.135775872,-0.016320995,-0.001467106,
66,0.023920866,0.007078194,0.000952504,
67,-0.040740597,0.010094673,0.000595999,
68,0.109077824,-0.001266464,0.006432135,
69,-0.002122908,-0.003438436,-0.003013852,
70,-0.129667346,0.016582753,-0.003592255,
71,-0.114474319,0.00828514,0.004158216,
72,-0.051594935,-0.004426374,0.007478199,
73,0.090131982,-0.007865323,0.005946622,
74,0.017744348,-0.02095788,-0.006414991,
75,-0.082556813,0.002009789,-0.021269168,
76,0.126765362,-0.005898441,-0.001201441,
77,-0.032198898,-0.007483098,-0.012535135,
78,-0.108291629,-0.012776052,-0.003415505,
79,-0.076782601,0.011755922,-0.005630267,
80,-0.032939978,0.00169976,0.006809161,
81,-0.065517391,-0.014894766,0.003173197,
82,0.041082817,0.008164971,-0.012847593,
83,-0.035172805,-0.004349506,-0.013095308,
84,0.045773424,-0.014288488,0.003543724,
85,-0.094927533,-0.015303522,-0.005298018,
86,0.109509576,0.007452602,-0.014660699,
87,-0.084656738,-0.009207901,0.009560053,
88,0.108893503,-0.006154285,-0.010507768,
89,-0.023747451,-0.007953445,-0.002820444,
90,-0.094856121,0.01702892,-0.009353246,
91,-0.00959863,0.00025,0.010701062,
92,-0.127814912,0.008965863,0.000776771,
93,0.14909336,0.001517281,0.021854219,
94,-0.066035547,0.008419371,0.005116585,
95,0.02121306,-0.011391178,0.005914167,
96,0.001583612,0.000480947,-0.008965657,
97,-0.066253319,0.011101997,-0.005454575,
98,-0.142696952,0.001734696,0.010187212,
99,-0.038673906,-0.003855371,0.01964009,
100,-0.061603269,0.006204426,0.003387453,
101,0.098701699,-0.007148976,0.009360759,
102,0.071005825,-0.009956422,-0.010750564,
103,0.085012538,-0.012263034,-0.011530799,
104,0.073783398,0.005529831,-0.018773058,
105,-0.067233231,0.009820495,-0.004435679,
106,0.030963739,-0.01408526,0.010999168,
107,-0.06400227,0.027226308,-0.010104865,
108,0.107607731,0.003447807,0.032280639,
109,0.043875202,-0.009995902,-0.007172829,
110,0.017175306,0.008531573,-0.00456627,
111,-0.140857043,0.021468344,-0.000428712,
112,-0.07019183,-0.00835143,0.018529948,
113,0.002726613,-0.000538732,-0.005089972,
114,0.072223362,-0.00967332,-0.0067335,
115,0.047832576,-0.009203303,-0.015135554,
116,0.125891133,0.01347295,0.001441186,
117,-0.084270855,-0.010417272,0.013662331,
118,-0.044815123,-0.012711688,-0.001757743,
119,-0.071721721,0.00489846,-0.019703675,
120,-0.134714615,-0.02045561,0.000164374,
121,0.125742403,-0.004002303,-0.023061595,
122,0.01056211,0.0116379,-0.001696483,
123,-0.039964763,-0.009836793,0.006215902,
124,0.024089314,0.00581872,-0.001225746,
125,-0.139300854,0.012386208,-0.010885728,
126,0.042783209,-0.009528813,0.014537937,
127,-0.143523083,0.015298201,-0.003380359,
128,-0.021956996,-0.005772701,0.019721987,
129,-0.032712191,0.007590946,-0.002034968,
130,0.13110214,-0.006806102,0.014680983,
131,0.048863866,0.006773765,-0.004030585,
132,0.124382403,0.007773148,0.013407795,
133,-0.127132084,-0.016407094,0.000611333,
134,0.000140762,-0.017156542,-0.0153502,
135,-0.124390057,0.002508947,-0.027286395,
136,-0.054662047,-0.007104686,0.000627747,
137,-0.005391478,-0.014209847,-0.025108798,
138,-0.058290549,0.00570653,0.006920903,
139,0.057040229,0.00290316,0.007192714,
140,-0.042293817,0.00397865,0.014363186,
141,0.061972323,0.012353056,0.00294793,
142,0.113977166,-0.004722768,0.008881937,
143,0.056271063,-0.002605783,-0.004579408,
144,0.111086685,0.004426611,-0.011521119,
145,0.137890006,0.014629085,0.01571917,
146,-0.100803553,0.011965089,0.034479717,
147,-0.145649961,0.006271306,0.019496407,
148,-0.034820228,0.001631215,-0.009714912,
149,0.074491492,0.015192529,-0.00709945,
150,-0.092025325,0.001948754,0.006154972,
151,0.137789728,0.010764415,0.006120191,
152,0.055056131,0.004725274,0.012004691,
153,0.088906583,-0.001420751,-0.000771144,
154,0.014106155,0.001588837,-0.00785713,
155,0.127406107,-0.003204039,0.006070904,
156,-0.020858394,0.013443202,0.005964652,
157,0.026233587,0.006429651,0.010110999,
158,0.133540391,0.012533395,0.001238873,
159,-0.032063374,-0.006142199,0.020197234,
160,0.127194294,0.012026251,-0.008844556,
161,-0.039438223,-0.002552026,0.007715303,
162,-0.106848604,0.002087242,-0.000529971,
163,-0.147995368,-0.019167476,2.98074E-05,
164,0.020791084,0.008170792,-0.01041019,
165,0.07565032,0.001778051,0.006968045,
166,0.080036703,-0.003237358,-0.004614042,
167,-0.126425533,-0.010248688,-0.002729009,
168,-0.024455092,0.004339302,-0.013160468,
169,-0.041480338,0.015549945,0.008145138,
170,-0.058610007,0.013367953,0.007156185,
171,0.079038672,-0.005100455,0.018863461,
172,0.13120393,0.007780931,-0.008797192,
173,0.020367199,-0.001031367,-0.006564595,
174,-0.028438784,-0.006378889,-0.007105691,
175,-0.003926194,0.018762539,0.003797706,
176,0.002675271,0.006696159,0.017681846,
177,0.111056169,-0.017809639,0.001285296,
178,-0.107077281,-0.006914243,-0.007556693,
179,0.018047731,0.015866586,0.002625392,
180,0.015000674,0.002370891,0.006189465,
181,-0.119433046,-0.003453704,0.005319356,
182,0.008343517,0.028927642,-0.00633667,
183,-0.115575969,0.003347574,0.01382885,
184,0.126437945,0.007455353,0.002302564,
185,-0.148114034,0.001271972,0.015951849,
186,-0.147682843,0.010867662,-0.001516262,
187,0.041615454,0.016514269,0.000848946,
188,-0.060306066,-0.00501839,0.002606944,
189,0.041069154,0.019436569,-0.000704474,
190,0.060643715,-0.014359275,0.002535989,
191,-0.010509303,-0.03855597,-0.01148342,
192,-0.079416791,-0.005340062,-0.03725659,
193,0.016728861,-0.006516604,0.001444101,
194,0.147075974,0.033160596,-0.006480906,
195,0.0969668,0.027139904,0.040482165,
196,0.01203994,-0.021192688,0.010168107,
197,0.141629095,-0.005202893,-0.013793864,
198,-0.136454877,0.02086123,-0.008217711,
199,0.077243943,0.016067748,0.011682441,
200,0.078651054,0.015625575,0.013609901,
201,-0.10958631,0.014042438,-0.005511015,
202,0.077355386,0.014425626,0.002281511,
203,-0.101368824,0.011694653,-0.010286316,
204,-0.00393595,-0.028687117,-0.002024962,
205,-0.03006646,0.006458214,-0.028582936,
206,-0.144122273,-0.005445301,0.005056497,
207,-0.093306479,-0.004045943,-0.002015717,
208,0.109295384,-0.031389501,-0.003716457,
209,0.084023357,-0.018066832,-0.030473611,
210,-0.101707406,0.023951462,0.025486981,
211,-0.06617604,0.01295936,0.011517695,
212,0.089853753,0.022723003,-0.000677596,
213,-0.030770627,0.009764748,0.015005115,
214,0.065235175,0.010429076,-0.00317132,
215,0.10298535,0.009766701,-0.00269395,
216,-0.007100607,-0.005942237,0.013481715,
217,-0.088766603,0.016059542,-0.019051869,
218,-0.071175406,-0.01458109,0.000874492,
219,-0.058513842,0.010007457,-0.01554347,
220,0.116730714,0.004759479,0.00160018,
221,0.005951411,0.009869789,0.008318966,
222,-0.030410495,0.017037659,-0.011958546,
223,0.140143827,-0.02741622,-0.005001276,
224,0.093661774,-0.007276388,-0.023000671,
225,-0.062137325,0.025404906,-0.002937455,
226,-0.036275128,0.006745264,0.012248858,
227,-0.133051479,-0.003872972,-0.007011612,
228,-0.093915135,0.007360071,-0.012450968,
229,0.056205306,0.036443029,0.007414329,
230,-0.013572634,0.019223696,0.018270757,
231,-0.10338859,-0.010752962,0.009715219,
232,0.116410864,0.024212345,0.000167812,
233,0.00728232,0.006518282,0.018869453,
234,0.020627789,-0.016527409,-0.010889192,
235,-0.041793113,0.007092372,-0.030727706,
236,0.050534989,0.025419897,0.010892389,
237,-0.098935687,-0.000486558,0.028054377,
238,-0.081377529,-0.024893325,0.009925302,
239,0.02194201,-0.029826451,-0.01125672,
240,-0.095024295,-0.019238956,-0.015100706,
241,0.138543457,0.040886042,0.024297935,
242,0.036921696,-0.01163455,0.046093419,
243,-0.079113194,-0.056880584,0.00768249,
244,0.091406431,0.027129271,-0.007080363,
245,-0.084661309,0.025538376,0.020130414,
246,-0.144525903,0.005615643,0.006873499,
247,0.017850886,-0.003795795,0.017702932,
248,-0.147438586,0.001114304,0.007623433,
249,0.134620002,-0.029629102,-0.010625385,
250,0.049897826,-0.025030399,-0.005154898,
251,0.120207689,-0.022946347,0.000436085,
252,-0.00368275,0.019977001,-0.016878556,
253,-0.009397103,-0.053110227,0.007552371,
254,-0.078980409,-0.020573245,0.008753099,
255,-0.038556375,0.044760386,-0.00545294,
256,-0.033180733,0.03055303,-0.008973557,
257,-0.016260211,0.015875,0.007546543,
258,-0.038495824,-0.061016968,0.008482664,
259,0.075795105,-0.004955823,-0.004665167,
260,-0.087640409,-0.04316506,-0.001403115,
261,0.115700771,0.003897047,-0.027607301,
262,0.120737738,-0.012627763,-0.013777709,
263,-0.111749758,-0.013903511,-0.030542967,
264,-0.0894284,-0.057828368,0.03329298,
265,0.085730335,-0.012026786,0.028554576,
266,-0.004457769,-0.00694055,-0.008295761,
267,0.149712646,-0.023029876,0.005030599,
268,-0.136801254,0.05745339,-0.006808059,
269,-0.058983322,-0.027004509,0.036565644,
270,-0.106523397,0.031873403,-0.008959537,
271,-0.069098344,0.016725287,-0.005317404,
272,-0.027068509,0.028246071,-0.004735158,
273,-0.040442613,-0.035105948,0.011815356,
274,0.067539274,-0.017085315,-0.017635293,
275,0.01627703,0.02383871,-0.019063688,
276,0.056893334,0.023393589,0.000732056,
277,-0.035770913,-0.042487511,0.011341778,
278,-0.036790001,-0.010308069,-0.006014343,
279,0.050973349,-0.031660569,-0.006892832,
280,-0.102219812,0.038146284,-0.022298385,
281,0.034834398,-0.005515146,0.019839329,
282,0.118608708,0.018052645,0.011335371,
283,0.100115014,0.024437906,0.019111882,
284,0.140402286,-0.024342564,0.009844171,
285,0.08446922,-0.018759505,-0.009952295,
286,-0.008491796,-0.021881566,-0.009851268,
287,-0.137825775,-0.014142991,-0.018483994,
288,-0.122884453,-0.02980291,-0.007675159,
289,-0.090231281,0.014869245,-0.014861916,
290,-0.094573264,-0.019104839,0.014054531,
291,-0.025156116,0.004087719,-0.008820391,
292,0.083866001,0.049403468,-0.005303521,
293,-0.061632255,-0.009640682,0.033469493,
294,0.077084415,0.037368822,-0.003263363,
295,0.065928028,0.040805612,0.02084192,
296,-0.145698678,0.006778306,0.017119091,
297,0.057981123,-0.01475484,-0.003486287,
298,-0.039009958,0.018431818,-0.004860306,
299,-0.03727395,-0.002645753,0.006391743,
300,0.042029727,0.033357454,-0.003428492,
301,0.066624732,-0.03367054,0.012445114,
302,0.066317185,0.016932832,-0.010201226,
303,0.009287181,-0.009480967,0.017598747,
304,0.051157189,0.004777938,0.00258192,
305,-0.063832719,-0.001380383,-9.37784E-05,
306,0.099550982,0.016100144,-0.006103907,
307,-0.003115378,0.008760638,0.01132871,
308,0.057643071,0.00165647,-0.0034157,
309,0.150423789,-0.029150749,-2.68579E-05,
310,-0.09539364,-0.007467538,-0.014640509,
311,-0.054802567,0.022416051,-0.008430358,
312,-0.077002526,-0.028188273,0.010831049,
313,0.150108291,0.033828071,-0.00516906,
314,-0.071844528,-0.022765723,0.000375928,
315,0.108983024,0.013531629,-0.008732234,
316,0.009382213,0.012018083,0.007167284,
317,-0.062436762,-0.010341017,0.01549783,
318,0.055150256,0.015733131,-0.018008876,
319,0.053327991,0.006367647,0.007347155,
320,-0.107231181,0.004459542,0.014489848,
321,0.059096391,-0.003010363,-0.001900864,
322,-0.139412636,0.022586449,0.002385458,
323,-0.044107295,0.001712657,0.007599337,
324,0.027119064,0.00207565,0.002763776,
325,0.100826604,0.00571697,0.00984583,
326,0.078742638,-0.020139669,-0.001072336,
327,0.134764772,-0.014273589,-0.006658817,
328,-0.055682162,0.019211795,-0.007169825,
329,-0.039860761,-0.031716836,0.010837813,
330,0.054345638,-0.015452322,-0.017369782,
331,0.08364247,0.005277555,-0.005198053,
332,-0.070419674,-0.003501804,0.002332602,
333,-0.03067913,-0.02736684,-0.010201226,
334,-0.096781924,-0.017624876,-0.003367931,
335,0.120557864,0.023505814,-0.02141741,
336,-0.00319907,-0.008643281,0.00505845,
337,0.057170794,0.004238036,0.006216774,
338,-0.05966842,-0.002232622,0.003694231,
339,0.116507294,0.009408785,0.006436213,
340,0.122166304,0.012383767,0.007219097,
341,-0.032609855,-0.004135965,0.010092552,
342,0.038023714,-0.005427925,0.003940713,
343,-0.122819674,-0.006051073,-0.006932991,
344,-0.068187378,0.021254657,-0.004283937,
345,0.134278651,0.004616812,0.003088776,
346,0.127192536,-0.008928744,0.013496666,
347,0.013228393,0.007075939,-0.001962744,
348,-0.11093794,0.005092615,-0.001967687,
349,0.024140104,-0.001870482,0.008352625,
350,0.114957825,0.000443181,-0.001622151,
351,-0.057774129,0.004595727,0.004237868,
352,-0.137875876,0.000153846,0.000704527,
353,0.003507419,0.011404919,0.002031012,
354,-0.075267718,0.002437351,0.00355082,
355,-0.059942916,-0.000224473,-0.000815946,
356,-0.035972089,0.012022524,0.003675564,
357,-0.124609194,0.002220536,-8.92073E-05,
358,0.073549454,0.006149981,-0.009441927,
359,0.114041872,0.009467019,0.011945221,
360,0.017302616,-0.004547048,0.001620555,
361,-0.03587575,-0.005589822,-0.006981164,
362,0.084666807,0.015914336,-0.011860806,
363,0.031764406,-0.005258124,0.00853988,
364,-0.118399851,-2.69316E-05,0.008604299,
365,0.029689174,-0.000765697,-0.003051639,
366,-0.035856479,0.003762339,-0.00636502,
367,0.04240761,0.00992118,0.002567128,
368,0.128751899,-0.022738506,-0.002877711,
369,0.146708072,-0.02169211,-0.012602726,
370,-0.124980939,0.017529236,-0.010680088,
371,0.112494384,-0.005943694,0.007873033,
372,-0.103855857,-0.021468602,-0.006185431,
373,0.027268614,0.019072394,0.000580368,
374,0.050081058,-0.012066438,-0.000440504,
375,-0.067067812,-0.011932254,-0.004867252,
376,-0.028489291,0.000929744,-0.012080329,
377,0.012463236,0.028391679,0.003012003,
378,0.097456922,-0.004186055,0.020281465,
379,0.012716249,-0.016151214,-0.014868435,
380,0.07393069,-0.015075301,0.00195975,
381,0.082041269,0.006025255,-0.009854733,
382,0.066615426,-0.008995742,0.006275345,
383,0.041316986,-0.026763752,0.004239483,
384,-0.090837777,-0.000254796,-0.019814911,
385,-0.045398179,-0.025002525,-0.006978986,
386,0.132484075,-0.009076425,-0.017762118,
387,0.057844533,-0.02391318,-0.008530633,
388,-0.110927978,0.036802685,-0.02463674,
389,0.090323608,0.009040072,0.030734608,
390,0.116154757,-0.026915556,0.004570567,
391,-0.018398197,-0.007126185,-0.022541135,
392,-0.007682849,0.030717091,-0.004907816,
393,-0.045682775,0.013951453,0.035943673,
394,-0.088016692,0.006754065,0.007305891,
395,-0.032068268,-0.01277504,0.004634011,
396,0.010947493,-0.023995524,-0.009779722,
397,-0.045370989,0.018492818,-0.020429993,
398,-0.065656126,0.00158855,-0.001725029,
399,0.090563018,0.001483933,0.021898243,
400,0.063682674,0.028287383,0.007520478,
401,-0.148651189,-0.002946803,0.020789887,
402,-0.128441921,0.022098066,-0.006147967,
403,0.111135603,0.000838466,0.003035248,
404,-0.084470343,-0.0031807,0.001076202,
405,-0.062778442,0.004872799,0.007411738,
406,0.029689337,-0.019722587,-0.00148831,
407,0.006566995,-0.009240509,-0.021020353,
408,-0.082746183,-0.028191755,-0.006835638,
409,0.089191956,-0.006497638,-0.0217083,
410,0.061015514,0.027423913,-0.009741749,
411,-0.134410835,0.006049756,0.026513144,
412,0.090670095,-0.027064112,0.002391309,
413,0.09975047,0.00701027,-0.01278322,
414,0.124696348,-0.025059917,-0.006140084,
415,0.12035229,-0.006639242,-0.016907027,
416,0.032566101,-0.020027481,0.00669876,
417,-0.041675666,0.037831699,-0.023880345,
418,-0.061167697,-0.005524278,0.018078231,
419,-0.10668819,-0.03037302,0.009299907,
420,0.142399677,-0.015545207,-0.014699689,
421,0.002428087,-0.005394715,-0.002150699,
422,0.086556135,0.019283838,-0.010094793,
423,-0.126649664,-0.007396095,-0.000516716,
424,-0.046893571,0.043177903,0.007812889,
425,0.088407984,-0.022968997,0.033084758,
426,0.106937514,-7.41491E-05,-0.014459426,
427,0.049991626,0.033540099,-0.012536994,
428,-0.046958424,0.035291841,0.015800747,
429,0.045353697,-0.021983451,0.033757495,
430,-0.048550784,-0.016804264,-0.00239717,
431,-0.041300432,-0.014471346,-0.015124825,
432,0.094913421,-0.012023212,-0.014130772,
433,0.026343113,0.020239195,-0.023324065,
434,0.079372813,-0.017758475,0.01570003,
435,0.004831866,-0.029415588,-0.020925986,
436,0.000936587,0.010255559,-0.028895068,
437,0.057031915,0.032500963,0.006804567,
438,0.037439149,0.01112652,0.030286545,
439,0.055589448,0.026304852,0.007928302,
440,0.043609341,0.027802174,0.010412773,
441,-0.089699097,-0.021660955,0.002239223,
442,0.108547446,-0.042814648,-0.013209564,
443,-0.003958526,0.043328568,-0.026127004,
444,-0.012101326,-0.018503843,0.04593926,
445,-0.064799161,-0.023248695,-0.00777935,
446,0.119466487,0.002816845,-0.032245388,
447,-0.064731111,-0.002310273,0.004072886,
448,-0.06658313,0.031479947,0.00024,
449,0.10551475,0.008858173,0.013603879,
450,0.106657622,0.004877249,0.005891846,
451,0.016993185,0.015193705,-0.002907209,
452,-0.065502661,0.006704215,0.004148855,
453,0.064055974,0.001853206,0.004882419,
454,0.07012947,-0.018357443,0.010898158,
455,-0.054489302,0.008914628,-0.005290973,
456,0.121795439,0.024201491,0.007655647,
457,-0.032638159,-0.004586163,0.005760795,
458,-0.11103654,-0.006593201,0.003314634,
459,-0.037458096,0.002846365,-0.00391994,
460,-0.049144094,0.020170319,-0.000639406,
461,0.039524561,0.007085938,0.005154509,
462,0.112205009,-0.008770369,0.008999124,
463,-0.093394554,0.00299053,-0.006344645,
464,-0.142973574,-0.020247804,0.007232483,
465,0.068378658,0.003737793,-0.020881121,
466,-0.015836585,0.01167006,0.006668693,
467,0.039623659,0.001231836,-0.003944985,
468,0.020551311,-0.011520476,-0.004773677,
469,0.076313604,-0.009675558,-0.01050472,
470,0.122055232,0.019798872,-0.00987236,
471,0.122739299,-0.010074484,0.00932059,
472,-0.085017997,-0.010182191,-0.005309321,
473,-0.120260805,0.003396509,-0.00451072,
474,-0.130580419,-0.021216379,0.010317231,
475,0.087003463,-0.012271286,-0.020463608,
476,0.06666605,-0.016487675,-0.015232961,
477,-0.018061906,-0.009035051,-0.022167258,
478,0.033495675,-0.000583073,0.001035862,
479,0.066216611,0.02109419,-0.007712286,
480,-0.092447896,-0.021699974,0.021161828,
481,0.029270382,-0.007683194,-0.007219171,
482,0.123323692,0.001407407,-0.017242779,
483,0.095856971,0.003928403,0.001447729,
484,-0.087000406,-0.002367801,-0.006434749,
485,-0.123259464,0.01536811,0.007121477,
486,-0.020457454,0.003145853,0.010933938,
487,0.022115647,-0.006865603,0.006763429,
488,-0.113709741,-0.01200592,0.001030389,
489,-0.044292794,-0.028141167,-0.017213776,
490,-0.023676063,0.013237013,-0.042039544,
491,0.098049686,-0.02432265,0.015347008,
492,-0.139361833,-0.00084529,-0.023488772,
493,-0.095397456,-0.020583333,0.003542761,
494,-0.004469168,0.02231047,-0.019089705,
495,-0.01373541,-0.023963871,0.01633567,
496,-0.063030178,-0.011202953,-0.023478763,
497,-0.023677525,-0.008836779,-0.017547419,
498,0.110635769,0.026384801,-0.010802403,
499,0.002663311,0.010080206,0.030610701,
500,0.088960449,0.006887168,0.012030186,
501,-0.121628257,-0.022826923,0.019861301,
502,-0.112036606,0.003624578,-0.025390252,
503,-0.089905945,0.017963004,0.001964881,
504,-0.058475881,-0.024865664,0.006869316,
505,0.102149804,-0.033874294,-0.015924814,
506,0.078004483,-0.000685891,-0.036011472,
507,0.092657387,-0.047759368,0.003757969,
508,-0.071090079,-0.022319832,0.038442247,
509,-0.051387677,0.018768519,-0.012573896,
510,0.052326512,0.021013187,0.009010392,
511,-0.093410435,-0.004148021,0.01919327,
512,-0.031508042,0.011845803,0.001263848,
513,0.00347156,-0.017217249,0.016520345,
514,-0.061127797,0.016361111,-0.008398807,
515,-0.118954301,0.031414571,0.01166132,
516,-0.13243257,-0.006642895,0.042648992,
517,-0.02693718,-0.011861638,0.010270493,
518,-0.007518227,-0.014675373,-0.006036238,
519,0.11998071,0.008366883,-0.01958735,
520,0.037481527,0.017641304,-0.007508777,
521,0.093027071,0.015866756,0.012981471,
522,0.128378184,0.014275974,0.007139351,
523,0.12497189,-0.001389344,0.014750278,
524,-0.113665083,0.012667898,-0.003097267,
525,0.090875327,0.001263685,0.014750045,
526,0.141837535,-0.011901899,-0.000938782,
527,-0.042416355,0.016856868,0.013379221,
528,-0.018801444,-0.010741227,0.015308085,
529,0.085862688,0.004532219,-0.00737856,
530,0.127242605,-0.004318528,0.00024,
531,-0.12811803,0.004023585,-0.004350463,
532,0.027120878,-0.006557559,0.003181934,
533,0.117008732,-0.000261509,-0.007370568,
534,-0.001060559,0.008950102,0.00039973,
535,-0.058371595,0.014455987,0.004632971,
536,0.125635472,0.010455103,0.024812581,
537,-0.018012422,0.004211573,0.00264607,
538,0.028640997,0.019289163,0.003337174,
539,0.138682269,0.003154163,0.014906152,
540,0.116321328,-0.021468147,-0.001053229,
541,-0.111090395,0.011794154,-0.016746631,
542,-0.114632885,-0.007455813,0.003339574,
543,0.089815951,-0.014494913,-0.011733735,
544,-0.093290482,-0.010225905,-0.007969539,
545,0.099099181,0.002569016,-0.014344155,
546,0.02821316,0.011717659,0.006160016,
547,-0.048782619,0.011687096,0.006284202,
548,-0.143948676,0.017457473,0.003560119,
549,-0.081720382,-0.007483204,0.012294878,
550,0.09151033,0.004731247,-0.008012223,
551,-0.104371588,-0.00178666,0.002280961,
552,0.11494887,-0.008690719,0.00024,
553,0.021943461,0.002407286,-0.007985617,
554,-0.083998424,-0.003663894,-0.001102773,
555,0.09241497,-0.022146857,-0.008855942,
556,-0.045419345,0.003063505,-0.023546757,
557,0.051004847,-0.006263026,0.002692984,
558,-0.002521862,-0.003986006,-0.004817055,
559,0.086155332,0.011087638,0.003601182,
560,0.082758883,0.004959419,0.004570362,
561,-0.004518183,-0.018000723,0.011466855,
562,-0.003106982,-0.008283117,-0.006196042,
563,0.112538632,0.013569672,-0.009071741,
564,-0.144313783,0.008338979,-0.002130266,
565,0.074021238,0.014292126,-0.001070814,
566,-0.05094717,0.020230218,0.006802756,
567,-0.076317104,-0.028551396,0.00407044,
568,-0.0447814,-0.001447454,0.011768839,
569,-0.066605123,-0.01155236,-8.21892E-07,
570,0.019246332,-0.018474696,-0.018465789,
571,-0.108148677,0.006438757,-0.023076697,
572,0.116623858,-0.018407099,0.005600948,
573,-0.017372864,0.002234749,-0.011174723,
574,0.126726663,0.026626147,-0.000771336,
575,-0.126804916,0.004312976,0.024621928,
576,-0.017916553,-0.01381171,0.009299463,
577,-0.002851461,0.015025292,-0.011758001,
578,0.094828716,-0.018657988,0.008501049,
579,-0.061350681,0.013647918,-0.006478517,
580,-0.11255505,-0.005648505,0.008983685,
581,0.144051121,-0.007422634,-0.00622007,
582,0.099299493,-0.01418299,-0.018690041,
583,-0.022907722,0.00234205,-0.011253247,
584,-0.07027229,0.011732255,0.011442537,
585,-0.140234843,0.003552374,0.011989895,
586,0.119993411,0.004158661,0.00372399,
587,-0.096657626,-0.002721311,0.00024,
588,-0.124485033,0.012478959,0.00486933,
589,-0.019900552,-0.002288071,0.005259312,
590,-0.006819025,-0.003312341,0.004006154,
591,0.049857071,-0.016808223,-0.004653964,
592,0.069935992,-6.17531E-05,-0.013694426,
593,-0.090943925,-0.013783264,0.004146858,
594,-0.070818582,0.002885741,-0.018142008,
595,-0.122587414,0.002037592,0.002180152,
596,0.129448435,0.004763488,0.00310235,
597,0.130115328,0.008609457,0.001331378,
598,0.05970603,-0.004931347,7.2327E-05,
599,0.144746664,0.009625,-0.009405223,
600,-0.01554964,-0.01605547,0.003627534,
601,-0.052508217,0.008432963,-0.016049711,
602,0.102104575,-0.017960198,0.008991566,
603,-0.107290466,0.018268018,-0.016260724,
604,-0.139487222,-0.012243493,0.009666532,
605,0.129894781,0.017329599,-0.002929937,
606,-0.013084599,-0.003585389,0.020867417,
607,0.123840974,-0.011612643,-0.005654737,
608,0.036310723,-0.002172072,-0.014075985,
609,0.089550233,-0.010200755,-0.009385267,
610,0.106909661,0.001210102,-0.019805097,
611,0.149893197,-0.004332756,0.005375863,
612,0.020811687,-0.007779979,-0.003371999,
613,-0.057883438,-0.023711144,0.002450433,
614,0.02519404,-0.016669164,-0.026226696,
615,0.02100288,-0.010098706,-0.018065347,
616,-0.131881026,-0.046237838,0.011686413,
617,0.015050539,-0.013935243,-0.047765816,
618,0.093560718,-0.027561366,-0.003211232,
619,-0.112679858,-0.040421642,-0.021597431,
620,-0.013575556,-0.015048846,-0.031723022,
621,0.108391537,0.036721363,-0.01124023,
622,-0.005881053,0.010158537,0.035697348,
623,-0.044604765,-0.012957547,0.010860357,
624,-0.083523426,0.010702518,-0.003393873,
625,0.121119814,0.024723319,0.008125658,
626,-0.070145075,-0.015511606,0.020973447,
627,-0.002389304,0.009257882,-0.000143156,
628,-0.119664642,0.0269084,0.011933616,
629,-0.10411012,0.009911836,0.018146225,
630,-0.135893893,-0.004534689,0.000333057,
631,-0.002107535,-0.008163462,-0.00227275,
632,0.062911956,-0.008477273,-0.005824564,
633,-0.084596637,0.032287173,-0.005204522,
634,0.055636045,0.026553318,0.022608995,
635,0.021937394,-0.0069077,0.015565056,
636,0.094652989,0.005482558,-0.005033731,
637,-0.114925533,0.008925535,-0.001222505,
638,-0.082813928,-0.030713303,0.006739432,
639,0.108771317,-0.000933432,-0.021133352,
640,0.11897722,0.007951422,-0.002455186,
641,-0.019149461,0.017298795,-0.000319109,
642,-0.101031359,-0.006686416,0.01982042,
643,0.081643431,-0.002078289,-0.004606868,
644,0.140591027,0.023820595,-0.00270059,
645,0.09232235,-0.001687984,0.016553318,
646,0.00117456,-0.023736294,-0.00039476,
647,0.102462551,-0.014963575,-0.026075789,
648,-0.050302554,0.019025995,-0.012621184,
649,0.119478488,0.013314272,0.001656163,
650,0.000348413,-0.003204231,0.020321127,
651,-0.066026203,0.011804015,0.007171608,
652,0.013879814,0.016240862,0.013273456,
653,-0.01653302,-0.003684795,0.015914595,
654,-0.106304343,-0.003587472,-0.001098091,
655,-0.138002311,-0.002695842,0.003723716,
656,-0.073998162,0.001954545,0.000328998,
657,-0.094242679,0.019535309,-0.005723462,
658,0.012228846,0.013271703,0.022535755,
659,0.068430066,-0.0049137,0.00181664,
660,0.007355892,-0.000523054,0.00172662,
661,-0.137761202,0.016496684,-0.004300648,
662,-0.035133511,-0.010081702,0.012608404,
663,-0.070614167,-0.005244505,-0.008251405,
664,-0.007900386,0.017598066,-0.006139489,
665,0.115507484,0.000575839,0.01431212,
666,0.032565432,0.000792888,0.002148023,
667,0.038087922,-0.017112995,-0.003828516,
668,-0.098462467,0.028963418,-0.018186728,
669,-0.119679906,-0.009948604,0.01369962,
670,0.038492176,-0.011138286,-0.003691848,
671,-0.078122757,0.029322957,-0.008970526,
672,-0.082852743,0.021038913,0.01635328,
673,0.0942296,0.012469321,0.018537465,
674,0.09672369,-0.007178807,6.89125E-05,
675,-0.087211869,-0.015342516,-0.006606384,
676,-0.01330765,0.003417899,-0.018027945,
677,-0.105240632,0.000776316,-0.002217693,
678,-0.048444709,-0.017635324,0.001559842,
679,0.121733981,0.013854713,-0.019355826,
680,-0.002739889,0.022232668,0.010009679,
681,0.122187667,0.003869442,0.01035896,
682,-0.11879333,-0.003871587,0.007006213,
683,-0.100247631,-0.016821909,0.006786217,
684,-0.009756733,0.020776316,-0.009211873,
685,-0.012629684,0.003344379,0.005755127,
686,0.106768535,0.013617609,-0.000978901,
687,-0.081296049,0.003395611,0.005295832,
688,-0.024728123,-0.000356919,0.005877467,
689,-0.049302655,-0.00926417,6.7555E-05,
690,-0.027698856,-0.003633098,-0.00847224,
691,-0.033329495,0.020151518,0.004416862,
692,0.123008157,0.008095504,0.010985251,
693,0.139009537,-0.014620259,0.007870341,
694,-0.054571578,0.012001596,-0.006992196,
695,-0.094150286,-0.008461325,-0.002759657,
696,-0.143604889,0.005300505,-0.007324729,
697,-0.105569088,-0.010805276,0.004224392,
698,0.056711326,-0.018652439,-0.009508883,
699,0.144944942,0.007604464,-0.006294239,
700,0.026344451,-0.022063625,0.007869527,
701,-0.121565256,0.013607173,-0.019777406,
702,0.079640063,-0.016356124,0.007522371,
703,0.038696056,-0.007665567,-0.004256535,
704,-0.009684314,0.013760638,-0.006668095,
705,-0.034579862,0.008437257,0.007106984,
706,-0.134384886,-0.002352811,0.004048725,
707,0.05087301,0.007556889,0.00024,
708,-0.144399727,-0.01736658,0.002181189,
709,-0.129075876,0.01375211,-0.030583426,
710,-0.148866164,0.006494796,0.013870168,
711,-0.060497205,-0.005232002,0.013597257,
712,-0.08292285,-0.021070853,-0.005952498,
713,-0.147481065,-0.004000797,-0.024773325,
714,0.095648449,-0.011809765,-0.005511894,
715,0.095326515,-0.012065005,-0.004994114,
716,0.03945523,0.023437138,-0.005575609,
717,-0.097895906,0.007411945,0.01834585,
718,0.092763739,0.003221768,0.012734254,
719,0.129370979,0.009244709,-0.002191949,
720,0.024957596,-0.01306935,0.010352822,
721,-0.124637978,-0.003789116,-0.001458311,
722,-0.014512276,-0.018426628,-0.010504985,
723,-0.057306385,0.018629554,-0.018858569,
724,-0.128613707,-0.022283106,0.016203875,
725,-0.007623836,0.015764039,-0.019741835,
726,-0.002037618,0.007243007,0.012010111,
727,0.123598845,0.006339744,0.016636474,
728,0.012192047,0.005878119,-0.001292048,
729,0.080238181,-0.008303326,0.00339913,
730,-0.109169477,0.019740894,-0.003808947,
731,0.107645513,0.018845905,0.023367635,
732,0.139001373,0.000762821,0.017193598,
733,0.08334812,0.014601615,-0.002017506,
734,0.149578282,0.003079712,0.011901318,
735,-0.142233808,0.00700199,-0.002512645,
736,-0.1277033,0.002752503,0.006536843,
737,0.028448539,-0.000249251,0.002297278,
738,-0.088092758,-0.007841908,0.000667716,
739,-0.021261045,0.005890044,-0.010191766,
740,0.135661875,0.0004503,-0.001228997,
741,0.043308615,0.008060153,0.009931996,
742,-0.090734521,0.008198336,0.000582732,
743,0.028234039,-0.014042755,0.006237259,
744,0.006808263,0.01125,-0.018410912,
745,-0.010188619,-0.005882542,0.000587045,
746,0.034354487,-0.011493631,-0.002449312,
747,0.053271985,0.012334592,-0.011764115,
748,-0.096125166,0.006717662,0.005786689,
749,0.138581792,0.003710208,0.0027792,
750,-0.106537683,-0.007139163,0.003908079,
751,0.001222522,-0.003720223,-0.003849758,
752,0.100068663,-0.004732561,-0.005351979,
753,0.147893434,0.0004503,-0.006613466,
754,0.129639534,-0.001952864,-0.003829804,
755,0.061645004,0.014299172,-2.64387E-05,
756,-0.1209058,-0.001234414,0.002105985,
757,0.10404392,0.015611744,-0.0060571,
758,-0.046907047,-0.015855417,0.010593427,
759,0.06746392,0.025051587,-0.024583304,
760,0.085215336,-0.007978461,0.007577603,
761,0.142720543,0.023871279,-0.006684415,
762,-0.112209631,-0.007569205,0.023240905,
763,0.073283988,-0.00503592,-0.001353281,
764,-0.136253956,0.000733092,-0.004104374,
765,-0.11361877,-0.014235756,0.003534702,
766,0.014540765,0.005345541,-0.01609079,
767,0.034396025,-0.0101819,-0.004271414,
768,0.089769239,0.007146552,0.003616013,
769,-0.043969382,-0.020297945,-0.008171546,
770,-0.13584335,0.001249001,0.007740696,
771,-0.001892717,0.020609281,-0.005964023,
772,-0.131870924,0.004749218,0.00915822,
773,-0.077130836,0.000736855,0.001919395,
774,-0.148138163,-0.004129562,0.004564065,
775,0.124927951,-0.018811584,-0.000287177,
776,-0.07735631,-0.006725585,0.007624633,
777,-0.13884306,0.025036754,-0.001418103,
778,-0.125698155,-0.019138954,-0.003081722,
779,0.029602495,-0.018323996,0.01260634,
780,0.079564514,0.018768519,-0.009896073,
781,-0.06630006,0.028222028,-0.011487665,
782,0.134184947,-0.000235909,0.001125583,
783,-0.111783039,-0.014528804,-2.53778E-05,
784,-0.077463164,0.00488831,0.004399625,
785,0.139335662,-0.010751965,-0.001170171,
786,0.056850101,-0.014946663,-0.007791756,
787,0.085363539,-0.007818583,0.002464397,
788,0.05638655,0.016518429,0.011426062,
789,0.079249349,-0.011455853,0.001030184,
790,0.095192129,-0.003596933,0.003134929,
791,0.058147229,-0.010623984,0.010824413,
792,0.127648728,0.002715838,-0.00348202,
793,-0.1385195,-0.000262453,-0.004364735,
794,0.116309831,-0.027641715,0.009753861,
795,0.060222483,-0.001859705,-0.004428883,
796,-0.144853469,0.002575581,-0.003147683,
797,0.123744968,-0.019471578,-0.002897889,
798,0.102907115,0.009394701,-0.002907652,
799,0.089254525,0.000889659,-0.001163368,
800,0.037224671,-0.015091999,0.004192569,
801,-0.034625856,-0.00104842,0.000414934,
802,0.11040934,-0.009175785,0.001464659,
803,-0.054443333,0.003203079,0.009675646,
804,-0.11465701,0.028603326,-0.005299224,
805,-0.009504446,0.008733563,0.001719504,
806,0.031055496,-0.022042324,0.003281627,
807,0.13705998,-0.004052,0.00335913,
808,-0.082203096,-0.002234338,-0.0116792,
809,0.058556541,-0.00559732,-0.003780962,
810,0.129343518,-0.013473995,-0.016523182,
811,0.1028909,0.001354362,-0.012970791,
812,-0.138643095,0.016135273,0.01163754,
813,-0.131286391,0.006548187,-0.011476287,
814,0.078417215,-0.039892441,0.005036425,
815,-0.143431279,-0.030666245,0.011227976,
816,-0.060062536,-0.00787065,0.000507305,
817,0.146701354,-0.03600731,-0.013564773,
818,-0.022983403,-0.023452032,-0.012403366,
819,0.147018047,-0.005530347,-0.001589324,
820,-0.114647469,-0.021843023,0.000423222,
821,-0.12118189,-0.012235137,0.013524471,
822,0.136872064,-0.006372517,0.000330398,
823,-0.066860477,-0.009083333,0.01434358,
824,0.079257416,-0.001340603,0.004162644,
825,-0.050180582,0.010666667,-0.000825589,
826,0.137611076,-0.034922832,0.007973985,
827,-0.044541654,-0.024262885,0.007738236,
828,0.055817316,-0.023590206,0.005581012,
829,-0.141439825,-0.041334158,-0.00272107,
830,-0.122060166,-0.049612259,-0.001943787,
831,0.108854363,-0.007228352,-0.002123713,
832,-0.124169288,0.01809534,0.004101021,
833,0.032440576,0.034925325,-0.013571233,
834,-0.143113129,0.008157619,0.001569552,
835,-0.087177005,-0.021792341,-0.003920352,
836,0.094721757,-0.00993719,0.008328871,
837,0.120923822,-0.032298566,-0.000112729,
838,-0.078076844,-0.025015957,-0.016695654,
839,0.148438095,0.038449181,0.007507815,
840,-0.051796557,0.009448423,0.01288927,
841,0.076913951,0.014182292,0.002615044,
842,0.116714712,-0.006427796,-0.001164107,
843,0.112185809,0.00283565,0.00024,
844,-0.115578511,-0.026571406,-0.012502772,
845,-0.06631998,0.031123195,-0.008038476,
846,-0.075462775,0.004748715,-0.006940684,
847,0.021065815,0.013685701,0.009190384,
848,0.146222054,0.015401515,-0.000208029,
849,-0.045632413,-0.011814677,0.006066983,
850,-0.042091769,0.028199138,-0.00778139,
851,-0.001336244,0.00086237,-0.01548327,
852,-0.049610826,-0.022393819,-0.010805167,
853,-0.020112489,0.016530526,0.008362512,
854,-0.094885825,-0.019466574,0.006191291,
855,-0.028627446,-0.017726116,-0.004219725,
856,0.002359538,0.009978623,0.001062728,
857,-0.026669469,-0.008243915,-0.008255415,
858,-0.020603033,-0.029925169,0.004754492,
859,-0.087529681,0.020948748,-0.002970126,
860,0.145520601,-0.014216546,0.003736439,
861,-0.064696611,0.027641874,0.001982179,
862,0.126954807,-0.004087288,0.003992842,
863,0.016249169,0.00921861,0.014648207,
864,0.124882859,-0.007369048,0.003476228,
865,-0.031602202,-0.008195298,0.006243539,
866,-0.054653013,0.007476739,-0.001897615,
867,-0.070023019,-0.00743738,0.001132618,
868,-0.083436617,-0.016535023,0.003896443,
869,-0.063694084,-0.015377052,-0.009090016,
870,0.018432953,-0.022562166,0.007684551,
871,0.047413062,0.003662969,0.015464449,
872,-0.006449726,-0.021518707,0.001818471,
873,0.02422002,-0.008094924,-0.009128672,
874,0.084771703,0.026897966,0.004747672,
875,-0.097845218,0.014867486,-0.009438839,
876,0.020932169,-0.027217349,0.007525606,
877,-0.07772765,0.004264952,-0.000377403,
878,0.091899378,0.023691809,-0.000995675,
879,0.028486585,-0.022250674,0.002360908,
880,-0.139116228,-0.012844418,-0.003992848,
881,0.118686478,-0.020699721,0.005287884,
882,0.0128204,-0.032560271,0.008346406,
883,-0.122256387,0.007182153,-0.002207277,
884,-0.111883331,-0.044132599,-0.00510487,
885,0.024049348,0.028760116,-0.002754979,
886,-0.101164948,0.030056259,0.003774193,
887,0.005657406,0.005315123,0.004289982,
888,-0.106568319,-0.039346832,-0.012211832,
889,0.034922968,-0.022603186,-0.000115088,
890,-0.125330877,0.027181254,-0.009353222,
891,-0.138969447,0.005080918,0.003020251,
892,0.095528473,0.010552198,-0.006378397,
893,-0.119990178,-0.010762916,0.00213079,
894,-0.145524303,0.01344769,0.000779153,
895,-0.120769497,-0.007484057,0.000958457,
896,0.145877046,0.021718618,-0.002362675,
897,0.077314433,-0.009790161,-0.006868818,
898,-0.00369492,-0.002724983,-0.000303747,
899,-0.114248528,0.01883131,-0.0034779,
900,-0.098232979,-0.00480992,0.012345261,
901,0.015175806,0.02407227,-0.019004622,
902,-0.013246541,0.010707516,0.003082445,
903,-0.037716281,0.001155563,-0.00725744,
904,-0.017400745,0.01679388,-0.002155191,
905,0.111404106,-0.028357756,0.009105066,
906,0.052100265,-0.010875654,0.002985995,
907,0.011822933,-0.021192753,0.004530233,
908,-0.093674191,0.017157886,0.00105806,
909,0.007581489,0.005836592,0.004236022,
910,-0.014628864,0.02009127,-0.007177413,
911,0.050794362,-0.001047017,-0.000124558,
912,-0.118390667,-0.006892857,-0.016534564,
913,0.13238488,-0.006944245,-0.013575503,
914,-0.012614458,0.028576746,0.000898208,
915,0.118327758,0.019212204,0.011420963,
916,-0.105844576,0.004902332,-0.000131585,
917,0.018478331,0.009887046,-0.010914489,
918,-0.117712206,-0.009914869,0.002495969,
919,0.135846983,0.024921259,0.010744662,
920,0.007094699,-0.006349853,0.005530477,
921,0.10942148,0.006647638,0.010765363,
922,0.06688467,-0.01772066,-0.002683664,
923,0.130930657,-0.008215082,0.007020812,
924,0.028138671,-0.009793942,-0.002035417,
925,0.090336536,0.004688808,0.001334755,
926,-0.130536579,-0.026265152,0.006071994,
927,0.018100906,0.021650778,0.00078355,
928,-0.072139617,-3.96825E-06,0.003680719,
929,0.049569387,0.001266131,-0.008061706,
930,0.107212931,-0.016626031,0.004880564,
931,-0.021114652,0.019867966,0.002594832,
932,0.116729787,-0.010636076,0.011896303,
933,-0.019962782,-0.017538585,-0.00440448,
934,0.033767781,-0.002355863,0.007239219,
935,-0.095236866,0.012007022,-0.002878874,
936,0.053767532,0.008642511,-0.000743257,
937,-0.060864442,-0.004487516,0.005877115,
938,0.081715035,-0.000135951,0.004154966,
939,-0.094930675,-0.015194015,0.001746647,
940,-0.101955744,0.00155719,-0.007901549,
941,0.125220105,0.000772193,0.003630373,
942,0.139289239,0.021909708,0.00415252,
943,0.001552986,0.002165709,-0.005694411,
944,0.106795503,0.006623486,0.004695137,
945,0.020179456,-0.004183186,-0.012533911,
946,-0.104020989,-0.007510814,-0.004881817,
947,0.110330757,0.013841486,0.004123716,
948,-0.038897951,0.001768027,-0.005428061,
949,0.133388054,0.003786693,0.004311661,
950,0.119436259,-0.00163798,0.005196295,
951,0.09581628,-0.001641551,-2.89473E-05,
952,0.041065813,-0.001645136,0.016653965,
953,0.033353088,-0.017091772,0.002269695,
954,0.016869565,-0.014563861,0.00103262,
955,-0.096729195,-0.006026151,0.005871846,
956,-0.080447469,0.003539474,-0.009735525,
957,-0.001536386,-0.020077869,-0.00797994,
958,0.098422877,-0.017152945,0.003715644,
959,0.145652745,0.010740463,-0.00295714,
960,0.120259567,0.00699127,-0.008847731,
961,-0.044798615,-0.018097395,-0.007941955,
962,0.101057108,0.015529673,0.004954051,
963,-0.040045697,-0.007006114,0.004570894,
964,0.078806376,0.003227802,-0.008384544,
965,0.071785169,-0.00852193,-0.001300507,
966,-0.108770252,-0.007238087,0.005594783,
967,-0.090480014,-0.016210905,-0.010412641,
968,-0.007919167,0.007502441,-0.000307468,
969,0.018422843,-2.69316E-05,0.015030422,
970,-0.078303909,-0.016647507,0.012205857,
971,0.133280404,-0.000172654,0.002729269,
972,-0.028029926,0.011102713,0.002634528,
973,0.140190785,0.019491495,0.00068236,
974,-0.044973153,-0.01479788,6.30722E-05,
975,-0.028831135,-0.001833333,0.013065049,
976,-0.130603792,0.008183194,0.013688625,
977,0.004711107,-0.011763256,0.006444179,
978,-0.003907633,0.011990042,-0.000787618,
979,0.142316037,-0.009281703,-0.001731753,
980,0.02064837,0.006247211,0.000755461,
981,-0.064934421,-0.000165916,0.007880711,
982,0.077833921,-0.001830444,0.007908059,
983,-0.007416507,-0.012258687,0.002945733,
984,0.06344147,-3.14919E-05,-0.006927552,
985,-0.14290181,-0.002988068,0.006015378,
986,0.017530931,0.001238701,0.000915604,
987,-0.097929031,-0.018657859,-0.010477257,
988,-0.044329039,-0.003777039,0.005016908,
989,0.140355649,-0.000472022,0.001428581,
990,-0.031692922,0.029296243,0.002444672,
991,-0.024712073,-0.001575586,-0.000690679,
992,0.058824122,0.023041221,-0.003825083,
993,-0.010273401,0.013592503,-0.001375663,
994,0.138837711,-0.001378886,0.013612004,
995,-0.031724131,0.005688477,0.000828292,
996,-0.062144875,0.014448783,-0.00085202,
997,0.085741351,-0.021083333,0.00024,
998,0.044109477,0.012239101,-0.009430367,
999,-0.030159327,-0.012943323,0.005674347,
1000,-0.108217631,0.006389154,0.003955919,
1001,0.039373212,-0.001105932,0.003016651,
1002,0.096035355,-0.010069077,0.009217974,
1003,0.043748161,0.011362635,0.003566403,
1004,0.126610048,0.017889077,0.000820149,
1005,0.077149939,-0.000416667,-0.000339813,
1006,0.062009556,-0.003085557,-0.006556477,
1007,0.024856551,0.004266064,0.000573723,
1008,-0.114338152,-0.001616667,0.007998447,
1009,0.113101901,-0.004158229,0.002723444,
1010,0.128842981,0.002128438,0.000817993,
1011,0.061596703,-0.004705136,-0.002483389,
1012,0.12092891,0.015862382,0.006115521,
1013,-0.036607448,0.007141068,0.00147406,
1014,-0.100506189,-0.008173269,-0.001649934,
1015,-0.123420225,0.014319551,-0.000583249,
1016,0.126174356,0.009412304,-0.005856976,
1017,-0.119828289,0.012182555,-0.012443453,
1018,0.02310418,0.012810882,-0.00630916,
1019,0.053793024,-0.00696519,0.004465828,
1020,-0.064711033,-0.008420152,-0.001358973,
1021,0.13701316,0.012725884,0.004791884,
1022,-0.115734624,0.005077236,-0.006305213,
1023,0.043008794,0.008214602,0.00328078,
1024,0.014110652,0.00137881,-0.007844194,
1025,0.117502838,0.020670947,0.00524894,
1026,0.000498828,0.005406538,0.010292289,
1027,0.090710305,0.008189416,-0.009963187,
1028,-0.129954971,-0.004233762,-0.005759138,
1029,-0.091808653,-0.006688527,-0.006390432,
1030,-0.131319871,0.011772432,-0.001813765,
1031,0.063324104,0.012853005,0.003241201,
1032,0.029473737,0.004917305,0.00323222,
1033,0.099977026,0.00025,0.001518554,
1034,0.138051556,0.006801519,0.00024,
1035,0.050284046,-0.013122781,0.006198969,
1036,-0.056603774,-0.01918145,0.006586789,
1037,-0.013991499,-0.00121789,0.003603606,
1038,-0.140877326,0.004170127,-0.002777072,
1039,0.124681048,0.011720409,0.010663689,
1040,-0.084177256,0.009056852,-0.000841572,
1041,-0.02613256,0.023330603,0.001489271,
1042,-0.105155198,0.006094535,-0.00749576,
1043,0.115799373,0.008152382,0.003341651,
1044,0.149517712,0.017314453,0.008931309,
1045,0.125347611,0.004104438,-0.000339909,
1046,-0.000162642,0.003073264,0.003887434,
1047,-0.007833572,0.015452703,7.48476E-05,
1048,-0.135821814,0.014337632,-0.007607997,
1049,-0.098705525,-0.008172665,0.001322473,
1050,0.034459863,-0.019606591,-0.014398692,
1051,0.038710386,0.015331598,0.006992765,
1052,-0.101103092,0.011448581,0.006947471,
1053,0.052933885,0.004635965,0.009651219,
1054,-0.042484099,-0.015579694,-0.006278168,
1055,0.120699406,0.013450222,0.005222975,
1056,-0.108191959,0.001892216,-0.000173189,
1057,-0.121823903,0.000577905,0.000488049,
1058,0.063000648,-0.014719406,0.012141835,
1059,-0.087566808,-0.008845951,0.001056793,
1060,0.003985155,-0.017661116,-0.003595852,
1061,-0.003901028,0.002187764,-0.010902045,
1062,-0.10359028,0.005938282,0.002311251,
1063,-0.034862876,0.017783937,-0.003149814,
1064,0.071703352,-0.006420372,0.005798288,
1065,0.042839986,0.003943341,-0.007515161,
1066,0.049266415,0.001253568,-0.008656608,
1067,0.12413232,0.023977303,0.002001728,
1068,0.098932128,-0.008455114,-0.002523529,
1069,0.109607313,0.02154528,-0.003538972,
1070,-0.070450425,0.016479579,-0.009959865,
1071,0.118572439,-0.010855235,0.000580683,
1072,-0.065774278,-0.020670502,0.001006235,
1073,0.03500726,0.014566239,0.00185635,
1074,-0.029315254,0.007728407,-0.006129968,
1075,0.067628322,-0.000795478,0.013488995,
1076,0.079798283,-0.008227237,-0.001025396,
1077,-0.125140916,-0.032365579,-0.004996988,
1078,0.128574308,0.009742635,0.002023222,
1079,0.076418729,-0.01001805,0.004901807,
1080,0.132393625,0.012044256,0.003530222,
1081,-0.13095024,0.008344981,0.005369583,
1082,0.065652363,-0.002961991,-0.009548396,
1083,-0.123784021,0.006909506,0.000324463,
1084,0.004217003,0.014121105,0.005562337,
1085,-0.003027428,0.00025,-0.011440689,
1086,0.077308122,-0.005222532,-0.012939152,
1087,-0.144578708,0.007869048,-0.014407596,
1088,-0.057308579,-0.019388731,0.003038242,
1089,-0.098078843,-0.00778428,0.008000638,
1090,0.069463528,-0.0172446,-0.01351781,
1091,-0.047234228,-0.006674599,0.019278383,
1092,0.131426719,0.006337438,-0.003462152,
1093,0.001056328,-0.001070132,0.006116296,
1094,0.056422212,0.013358614,-0.00860884,
1095,0.087056434,0.015798548,0.003273718,
1096,0.11616111,0.004318522,-0.011944558,
1097,-0.049642987,0.002595916,0.013712155,
1098,0.041579069,0.003441489,0.004642227,
1099,0.039946521,0.020398462,0.002388505,
1100,-0.075418752,0.017401767,0.008129607,
1101,-0.042723697,0.001271972,-0.000100364,
1102,0.150388855,0.006988132,-0.002909264,
1103,0.129373213,-0.016583992,0.006302244,
1104,-0.089942612,-0.00026573,-0.010029116,
1105,0.029801135,0.004377967,0.005642204,
1106,-0.013018327,0.009499743,-0.011103326,
1107,0.083471774,0.00635998,-0.00191666,
1108,0.00245579,0.007233806,0.009231122,
1109,-0.022359038,0.019950472,0.007180254,
1110,-0.000719514,0.006657097,0.010110746,
1111,0.058341379,0.00269858,0.004031709,
1112,0.149601086,-0.005612237,-0.000683445,
1113,0.1078624,0.014500614,0.005365273,
1114,0.016512826,-0.007017442,-0.001933451,
1115,0.003659236,-0.019954978,-0.000681479,
1116,-0.074367386,0.009514794,0.004851773,
1117,-0.029992707,0.003606036,0.00199275,
1118,-0.107799475,-0.000241884,-0.006342153,
1119,-0.021032508,0.014029528,0.00770448,
1120,-0.099951594,-0.001012136,0.003653337,
1121,-0.016533864,0.010262637,-0.00540179,
1122,-0.006453658,-0.001867421,-9.37672E-05,
1123,-0.097332076,-0.012770833,0.000991206,
1124,-0.002813339,0.01529935,-0.002345471,
1125,0.08356778,-0.024973837,0.004504554,
1126,-0.020577106,-0.026614198,0.002654671,
1127,0.034941881,-0.018323023,0.003230265,
1128,-0.078237158,0.020312048,0.002393193,
1129,0.112290682,-0.010597526,0.00156218,
1130,-0.087120906,0.024335272,0.003541147,
1131,0.101212406,0.010057846,0.004106143,
1132,0.144775253,0.017098365,-5.85381E-06,
1133,-0.100357506,0.006780214,0.000895717,
1134,-0.033027015,0.006350513,0.000403781,
1135,-0.005586075,-0.007930943,-0.013763751,
1136,-0.09771728,0.009954027,-0.006653729,
1137,0.135106243,0.001211076,0.000658165,
1138,0.141997163,0.014652304,0.009017797,
1139,-0.055490662,0.006591694,-0.002909026,
1140,-0.112903429,-0.01216535,-0.005911816,
1141,-0.101820842,0.009011905,0.004004115,
1142,0.124575729,-0.018820997,0.00774,
1143,0.034527456,0.006506015,-0.008362167,
1144,0.029827976,0.00311944,0.003744147,
1145,0.021655552,-0.021686099,0.011546925,
1146,0.126248415,-0.009501341,0.005994686,
1147,-0.112153913,-0.002211841,0.002038234,
1148,-0.136489218,0.017031836,0.002116665,
1149,-0.148237701,0.023065534,0.003334657,
1150,0.026241047,0.006894518,-0.000165943,
1151,0.061690356,0.001853017,-0.003577373,
1152,0.138800883,-0.004927933,0.005702658,
1153,-0.13641524,0.016621723,0.002916006,
1154,0.067784373,0.001739758,-0.005016773,
1155,0.14345827,0.004805597,0.005931057,
1156,0.038802559,0.009042226,-0.002104398,
1157,-0.038662161,-0.008006881,0.000969293,
1158,0.035368166,-0.015661193,0.004045628,
1159,-0.104729426,-0.005296155,0.006128562,
1160,-0.024171928,0.021613078,-0.007939591,
1161,-0.037947576,0.003489241,0.000886774,
1162,0.067678323,-0.019307196,0.006300116,
1163,0.031301081,-0.012264114,0.002408557,
1164,-0.075197762,-0.009278347,-0.007613862,
1165,0.100840979,0.01035101,-0.006383546,
1166,0.05665286,-0.007369048,-0.001792851,
1167,0.107186242,0.012150192,0.005943577,
1168,0.001439838,0.023296282,-0.000165088,
1169,0.031146118,0.005163322,0.003968295,
1170,0.128765194,0.004862546,-0.005735468,
1171,-0.04161469,0.003923095,0.00552026,
1172,-0.000437271,0.015986505,-0.012689293,
1173,-0.11901334,-0.002362142,0.00024,
1174,-0.046085987,-0.018082882,-0.000169333,
1175,0.016758061,0.00300989,0.002533243,
1176,-0.075839085,-0.012135321,0.000403385,
1177,0.064492508,0.008610427,-0.001884167,
1178,-0.145189898,-0.017714072,-0.009175425,
1179,-0.1250781,-0.008192777,0.003298071,
1180,-0.114596247,0.028159177,-0.006104727,
1181,0.026884317,0.00641659,0.007288677,
1182,-0.077400669,-0.023441914,-0.004536054,
1183,0.071303098,0.00840141,0.010830799,
1184,0.063149167,-0.001329926,0.000567518,
1185,0.033509039,0.016725845,-0.001478857,
1186,-0.144943867,-0.003870879,0.01212817,
1187,-0.03172905,0.010824713,0.001293354,
1188,0.081629285,0.007529345,-0.002673784,
1189,-0.084728499,-0.001556685,0.013715103,
1190,0.123087143,0.002964932,-0.001281842,
1191,-0.108467802,0.015141697,-0.005936769,
1192,0.03698398,0.003362494,-0.003230853,
1193,-0.059696442,-0.011806738,-0.000650961,
1194,-0.067110063,0.009313173,0.007374212,
1195,0.127793142,0.011810694,-0.003221362,
1196,0.064698803,-0.001068681,-0.008160662,
1197,-0.024436226,0.01275,-0.009290759,
1198,-0.066644797,0.007466136,0.003447525,
1199,0.145241013,-0.007518666,0.000813824,
1200,0.115836392,0.018083841,0.001059336,
1201,-0.103743886,-0.006160256,0.000403692,
1202,0.001288934,0.00713172,0.001140467,
1203,-0.003354983,0.003240175,0.007600157,
1204,0.010669419,0.004508944,0.00226955,
1205,-0.020765028,0.013396735,-0.001785439,
1206,0.14135074,-0.002261511,-0.011937301,
1207,-0.010560047,-0.006044587,-0.012991508,
1208,-0.065920221,0.007006757,-0.002924762,
1209,-0.124020958,0.01082047,0.002830007,
1210,-0.016630934,-0.014360659,-0.008093333,
1211,-0.146508441,-0.015167018,-0.001104521,
1212,0.07826764,-0.006937473,-0.008090545,
1213,0.074908136,0.001542769,-9.94315E-05,
1214,0.022661614,0.000422147,0.010256162,
1215,0.134571084,-0.004655336,0.00385369,
1216,-0.022297332,-0.024657031,-0.010478414,
1217,0.114941242,0.008675721,0.016322614,
1218,-0.01174952,0.025931618,-0.017170879,
1219,-0.082419182,0.0032512,0.003885655,
1220,-0.050053203,0.011363961,0.015952088,
1221,-0.01111865,0.005745899,-0.002670845,
1222,0.108200858,-0.006224941,-0.002178901,
1223,0.095050408,-0.010499048,-0.011047625,
1224,0.085752443,0.018388261,0.014785412,
1225,-0.065888018,-0.006472689,0.008658855,
1226,-0.043666878,-0.017093486,-0.00265304,
1227,0.103848903,-0.00207458,0.01002192,
1228,-0.007790295,-0.014679237,0.004837299,
1229,-0.062377401,0.000425208,-0.001149189,
1230,0.13415416,0.013475891,0.000894705,
1231,-0.083580633,0.005609613,0.00024,
1232,-0.086532071,0.007300731,0.000975934,
1233,0.028575278,0.013911202,0.008411938,
1234,0.080452853,-0.006657008,0.003725491,
1235,-0.096868391,0.000674088,-0.000406244,
1236,-0.100772464,0.012543345,-0.00355886,
1237,0.024898077,0.002930067,0.002024949,
1238,0.121696767,-0.01344863,0.00874409,
1239,-0.057726451,-0.0084729,0.004255419,
1240,-0.033958539,-0.020681226,0.00567917,
1241,-0.067221908,-0.010482984,0.004297263,
1242,-0.00959577,0.026800234,0.005390147,
1243,-0.058825412,-0.026644655,0.001422406,
1244,0.146190349,0.000691501,-0.007003493,
1245,-0.082819783,0.018431818,-0.001028911,
1246,-0.148254913,-0.006078017,-0.006271609,
1247,0.029225197,-0.010916361,0.011030505,
1248,0.083966654,-0.016247574,0.001347085,
1249,-0.104369307,0.001774937,-0.001813697,
1250,-0.098989681,-0.002974362,0.001902166,
1251,-0.050917943,0.024151519,-0.005765516,
1252,0.01053432,0.002443945,-0.000714027,
1253,-0.027005943,0.02170359,0.008754419,
1254,0.098070703,0.007708208,0.001660175,
1255,0.085285708,0.005355514,0.006464417,
1256,0.101509255,0.008123349,0.00415512,
1257,-0.024483089,0.012849748,-0.003113818,
1258,0.138041728,0.004563563,-0.00257742,
1259,0.146371341,-0.01230472,-0.005018162,
1260,0.089254768,0.008614701,0.000555598,
1261,0.070793057,-0.008211219,0.001817411,
1262,0.053423588,0.002090542,0.00464978,
1263,-0.009288347,-0.023967119,0.001024006,
1264,0.150813417,-0.002916453,-0.009552401,
1265,-0.12316829,-0.007304945,0.001189328,
1266,0.024828017,0.007516436,-0.00379096,
1267,0.032506504,0.007635778,-0.00396596,
1268,0.116389594,-0.022341645,0.016099021,
1269,0.110180001,0.01656051,0.00479013,
1270,-0.105536683,0.015955458,0.000864795,
1271,-0.030163666,-0.003298796,0.008434802,
1272,-0.091887862,0.002878678,0.002639729,
1273,-0.016592791,-0.003471245,0.001166682,
1274,-0.01841262,-0.020123514,0.00301754,
1275,0.02122417,-0.0192474,-0.004453368,
1276,-0.12508096,-0.010178635,-0.000455756,
1277,0.048310682,0.006055126,-0.0022354,
1278,0.065725133,0.006909563,-0.004257906,
1279,-0.124825963,0.004483924,0.00382347,
1280,0.022577276,-0.015999451,-0.018001092,
1281,-0.099008329,-0.027785714,0.003718732,
1282,0.031418931,-0.018214082,0.001185533,
1283,0.056100761,0.021494736,0.000712276,
1284,0.054063983,0.008314516,0.005590157,
1285,0.044330904,-0.012477273,0.009161505,
1286,0.099545067,-0.005274862,-0.000302934,
1287,-0.018685155,-0.008546296,-0.003562887,
1288,-0.038104468,0.012020201,0.003122572,
1289,-0.135657164,-0.006951551,-0.011723046,
1290,-0.148001099,0.0036909,-0.004791858,
1291,-0.030529577,0.008591057,0.002768605,
1292,-0.087455771,0.013944853,-0.008587895,
1293,-0.026240598,0.021648132,0.008748907,
1294,-0.04260547,0.005132379,-0.001652367,
1295,0.115879989,0.002458481,0.002215035,
1296,0.126365359,0.002012891,-0.001810067,
1297,-0.110786358,0.009488891,0.010195045,
1298,0.066761351,-0.001057759,-0.010183275,
1299,0.065328892,-0.020265059,0.000881097,
1300,0.005930582,0.01139082,-0.018524302,
1301,0.110764573,0.019818092,-0.006383116,
1302,-0.008340966,7.70943E-05,0.011790314,
1303,0.011200513,-0.018513511,0.010637392,
1304,-0.122201443,0.004303578,-0.0032514,
1305,-0.107850974,-0.022042435,-0.010455169,
1306,-0.123230939,0.018203321,-0.019517642,
1307,-0.095750362,0.002454586,-0.003943333,
1308,0.1377337,-0.001069842,0.037570513,
1309,0.132194727,0.002012115,-0.011264832,
1310,0.102902827,-0.002388522,-0.018288883,
1311,-0.141416902,0.008362875,0.020541699,
1312,0.065216595,0.016257698,0.021625402,
1313,0.13425315,-0.004054778,-0.003401329,
1314,0.095924353,0.012355491,0.004442814,
1315,0.006473532,-0.001031504,0.005789968,
1316,0.109305318,0.007093456,-0.010346274,
1317,-0.013205967,0.006792056,-0.009270764,
1318,-0.056050059,-0.017813645,0.002086552,
1319,0.119075166,0.002227134,0.01120675,
1320,0.120213136,-0.016565374,-0.013069006,
1321,0.011591581,-0.001407941,-0.0051185,
1322,-0.030511678,-0.019503518,-0.007933816,
1323,0.064093827,0.006045809,-0.00163301,
1324,-0.12042847,-0.004182624,0.001834999,
1325,-0.131389481,0.00025,-0.026645199,
1326,-0.022251541,-0.004558549,0.002839105,
1327,0.092482192,0.001055297,0.008977379,
1328,-0.099855546,-0.008511734,-0.019843743,
1329,-0.115196309,-0.000200979,-0.000925566,
1330,-0.028059812,0.019921539,0.003935351,
1331,0.087844563,-0.032493363,-0.017103252,
1332,0.089789599,-0.000664913,0.006155993,
1333,-0.114983662,-0.013486264,-0.008973899,
1334,-0.093359445,-0.012284819,-0.000551442,
1335,0.092244333,0.019996121,0.026576614,
1336,-0.10012732,-0.00205521,0.008536325,
1337,0.143733997,0.014113216,-0.023583155,
1338,0.006833812,0.006084093,-0.012011299,
1339,-0.116243338,-0.001925095,-0.015437704,
1340,0.034954614,-0.017007039,0.005381109,
1341,0.047870105,-0.000212107,-0.022425711,
1342,-0.133492683,-0.019352404,0.000445244,
1343,0.124057544,-0.019838654,0.017989041,
1344,-0.131486858,-0.003792348,-0.001675343,
1345,0.099825873,0.017354755,-0.02046498,
1346,0.147232508,-0.003075416,-0.022449769,
1347,-0.123088964,-0.013572688,0.006149698,
1348,-0.148484155,0.001699976,0.039895885,
1349,-0.081755336,0.016852317,-0.012575348,
1350,-0.086348406,0.006516616,-0.024598996,
1351,0.137522161,0.021008634,-0.036447631,
1352,-0.102213402,-0.00788459,0.008836322,
1353,0.134318475,0.019355312,-0.010117136,
1354,-0.021809744,-0.003590878,0.003837504,
1355,0.076197949,0.002728656,-0.018552082,
1356,0.129561454,0.003638278,0.002121999,
1357,0.043664371,-0.004769622,-0.032356685,
1358,0.074960312,0.008321913,-0.03573944,
1359,0.055298525,-0.010214058,-0.028432998,
1360,0.080622785,0.00825,-0.027815624,
1361,0.065702235,0.008277732,0.019476961,
1362,-0.125685314,0.016539593,-0.008290818,
1363,0.011810231,-0.009099955,0.020436009,
1364,0.111092013,0.01283427,0.047094867,
1365,0.05777886,-0.006851642,0.013443525,
1366,-0.128413623,0.011693898,0.006866173,
1367,-0.085235837,0.006879541,-0.029930049,
1368,-0.119207011,0.006572445,-0.021253213,
1369,-0.110673536,-0.001233421,-0.03559815,
1370,0.027330173,-0.006129446,0.032614101,
1371,0.041198297,0.010364336,0.017661603,
1372,-0.089966138,-0.001056051,0.034144121,
1373,-0.030905241,-0.003673278,0.002558626,
1374,0.101171545,0.006989606,-0.005598279,
1375,0.013690168,-0.017312163,-0.018818183,
1376,-0.144936556,-0.000192478,0.037176643,
1377,-0.028685751,0.002463369,0.013856558,
1378,0.047370466,-0.010085689,-0.002446728,
1379,-0.123951903,0.010425846,0.02286931,
1380,-0.020174733,0.010234978,-0.009454426,
1381,-0.035940965,0.004624453,0.013540702,
1382,-0.057536234,0.021330139,0.009480775,
1383,-0.071945602,0.006051058,-0.020673516,
1384,-0.112735806,-0.000598176,0.007147545,
1385,0.011326451,0.006192275,-0.011369499,
1386,0.053341396,-0.016205696,-0.021116113,
1387,-0.14644756,-0.013049013,-0.000305554,
1388,0.125796156,0.005206522,0.000349148,
1389,-0.023979917,-0.002086246,-0.041676789,
1390,-0.087629243,-0.014494146,0.013912097,
1391,0.059392114,-0.005911972,-0.007065833,
1392,0.072048705,0.009993136,0.013034373,
1393,-0.050068601,0.003758772,0.00705943,
1394,0.129530415,-0.01023951,0.011787879,
1395,0.068355064,0.006610424,-0.005138727,
1396,-0.078276548,0.01297823,-0.01841133,
1397,0.005581367,-0.016825496,0.002489213,
1398,-0.112583265,0.01056746,0.002259737,
1399,-0.020455562,0.012731452,-0.022716327,
1400,0.111184296,0.012060345,-0.009731358,
1401,0.09791734,-0.002902424,-0.025344603,
1402,-0.146428104,-0.000604701,0.000834036,
1403,-0.058482641,0.004954876,-0.009021446,
1404,0.099497725,-0.004007131,-0.016059173,
1405,-0.047128012,0.019061458,0.025093826,
1406,-0.007602239,0.009565988,0.016050734,
1407,0.085428314,0.006403334,-0.033932042,
1408,0.086936676,-0.003055785,-0.012240298,
1409,-0.016355326,0.003981343,0.018215436,
1410,0.015650045,0.006858839,-0.027391402,
1411,-0.091570309,0.00985197,-0.011800939,
1412,0.000400379,0.01106125,-0.017675917,
1413,0.06497646,0.00507509,-0.021229335,
1414,0.042386292,-0.008153361,0.016219683,
1415,-0.112475286,0.006303269,-0.028844996,
1416,0.117830173,-0.001354493,0.031996249,
1417,-0.133790131,-0.013008337,0.045099813,
1418,0.073837779,0.014093648,0.003937054,
1419,0.000161706,0.006274096,0.049075588,
1420,-0.065212445,0.005838822,-0.022870932,
1421,-0.126708399,0.000805776,0.019606822,
1422,0.073568409,0.003265394,0.005018168,
1423,-0.123766805,0.003651899,0.017789819,
1424,0.020976827,0.01325954,-0.007771583,
1425,-0.026770325,-0.001773661,0.007867583,
1426,-0.047813861,-0.001231828,-0.019575196,
1427,0.048435308,-0.004670722,0.020910085,
1428,0.031237569,-0.016233516,-0.007437779,
1429,-0.146329243,0.009507781,-0.011309664,
1430,-0.08972499,-0.006787799,0.009542337,
1431,-0.146455791,0.010443518,-0.004593079,
1432,0.024794632,0.011286657,0.01503555,
1433,0.114295475,0.005942008,0.01014542,
1434,-0.109417604,0.008080671,0.007513507,
1435,-0.016673787,-0.006904396,0.013040886,
1436,-0.003365307,-0.004708934,-0.02493013,
1437,-0.019110935,-0.000684434,-0.011949716,
1438,0.106493044,0.011083983,-0.015016933,
1439,0.139508218,0.002100567,0.008214482,
1440,-0.072096081,0.002789829,0.001257202,
1441,-0.034299333,-0.00635218,0.019208036,
1442,-0.141465313,0.013773957,0.007331435,
1443,0.02980344,0.000326249,-0.009552078,
1444,0.095341679,-0.003257167,-0.001871133,
1445,-0.018012688,0.0009386,0.023177346,
1446,0.020533365,-0.014965231,0.018526698,
1447,0.075617076,-0.02148913,-0.006921956,
1448,0.143133649,-0.019988095,0.001209014,
1449,0.071650439,0.004057209,-0.019336218,
1450,-0.080466614,-0.01080552,0.029312957,
1451,0.127230746,0.012081905,-0.001892196,
1452,0.056347524,-0.013056452,-0.000507874,
1453,-0.003094583,0.002701982,-0.01205552,
1454,-0.096418152,-0.003174378,-0.004955919,
1455,-0.026456503,0.009822118,-0.011185462,
1456,-0.067560911,0.012810778,0.006073781,
1457,-0.006354723,-0.012955282,-0.02624283,
1458,0.054151551,-0.0078603,0.014178872,
1459,-0.11991215,0.00025,0.000461741,
1460,0.122190694,-0.008335446,-9.25094E-05,
1461,-0.00288537,0.002311856,-0.016835086,
1462,-0.014868457,0.013830247,0.026071946,
1463,0.015351094,0.00390408,-0.007897255,
1464,-0.056410069,-0.002986246,-0.011400798,
1465,0.089468844,0.015428571,-0.007275435,
1466,-0.02966751,0.003528164,0.01368939,
1467,0.137439775,0.007980316,0.000686047,
1468,-0.044569906,-0.005681198,-0.006002314,
1469,-0.051898117,0.013774264,-0.000545205,
1470,-0.045235452,-0.000142465,-0.021089143,
1471,-0.140127348,0.002605713,0.006778208,
1472,-0.096290677,-0.02050989,0.001835464,
1473,-0.137010668,0.00185,0.032666897,
1474,-0.09451386,0.016783546,0.002995124,
1475,-0.046677588,-0.00202862,0.018483741,
1476,0.047172067,0.001195031,-0.002674204,
1477,0.006029917,0.003711841,-0.014698288,
1478,0.062521821,-0.009394033,0.016393857,
1479,-0.089139612,-0.002679301,0.002186566,
1480,0.054309903,-0.017536247,0.000132089,
1481,-0.065799527,0.004696241,0.003370365,
1482,0.077479216,0.009505533,-0.008691443,
1483,0.093569309,0.016996411,-0.004645993,
1484,-0.147521478,-0.004220588,-0.014380862,
1485,-0.054057986,0.005922418,-0.015926516,
1486,0.044981547,-0.000925088,-0.012140416,
1487,0.08578077,0.00025,0.006507806,
1488,-0.01605495,0.012014706,-0.025467826,
1489,-0.093462519,-0.001300388,-0.014871008,
1490,-0.040268459,-0.009454969,0.008737592,
1491,-0.120717143,-0.010726088,0.007495717,
1492,-0.148671734,-0.004585513,-0.023810203,
1493,-0.046997943,0.002719332,0.017740012,
1494,-0.084810264,0.007004072,0.004685993,
1495,0.05625153,-0.006695541,-0.010476377,
1496,0.138048069,-0.005075068,-0.005411701,
1497,0.132154747,-0.000549041,-0.00449653,
1498,-0.010176492,-0.004947921,-0.01165768,
1499,0.026830584,0.001616559,0.006862517,
1500,0.055572024,-0.006091816,-0.00717628,
1501,0.147876571,-0.0088791,-0.015426426,
1502,0.011416708,0.005141969,0.00293345,
1503,-0.112836866,0.001467039,0.022218022,
1504,0.150018693,-0.015066045,0.017683226,
1505,0.077239596,0.014569809,-0.005396437,
1506,-0.083681463,0.002765213,-0.009207331,
1507,0.019020325,-0.007276708,0.01025433,
1508,0.037736284,0.004082667,-0.016993274,
1509,-0.117973328,0.002280869,0.00876754,
1510,0.094394109,0.002438893,-0.013931752,
1511,-0.018659227,0.005750728,0.012803445,
1512,-0.030889893,-0.016805511,0.0034612,
1513,0.08447024,-0.004169709,-0.006300611,
1514,0.067718367,0.010115176,-0.015441146,
1515,0.031514525,-0.017171035,0.008995941,
1516,-0.112343573,-0.01880551,-0.009042712,
1517,0.145052125,-0.015797297,0.008514507,
1518,-0.027870961,0.006601931,-0.024862571,
1519,-0.144014894,0.016541368,-0.009168245,
1520,0.007818942,-0.014269513,0.007113282,
1521,0.06965741,0.023499872,0.034495901,
1522,-0.11010802,-0.014897732,-2.16037E-08,
1523,-0.026483555,0.009292508,0.033729402,
1524,0.017678792,-0.01415536,0.006279501,
1525,0.10559783,-0.00042981,0.007744041,
1526,0.091305932,-0.023134354,0.002646302,
1527,-0.043760692,0.011830322,0.021273402,
1528,-0.088048883,0.008599113,-0.033011242,
1529,0.026830132,0.004091229,0.010315287,
1530,0.115377327,0.012154762,-0.004575421,
1531,-0.086681634,0.001678571,-0.000451221,
1532,-0.143817512,0.001928275,-0.004947918,
1533,0.055061464,0.009716365,-0.01818626,
1534,0.043435758,-0.009708506,0.011692196,
1535,0.03003032,-0.000169111,0.02416903,
1536,0.133944698,-0.016940776,-0.004205987,
1537,0.138304234,-0.003162969,0.006194437,
1538,0.102930863,0.016517123,-0.001581264,
1539,-0.010472777,0.005978728,0.001836499,
1540,0.135342096,0.01884608,-0.012853476,
1541,-0.010820983,0.003950658,0.005893,
1542,0.108229793,-0.002617677,-0.003775143,
1543,-0.127164574,0.00928862,0.020742177,
1544,0.118196602,-0.003007329,0.008930756,
1545,-0.107455261,-0.008246732,-0.016432284,
1546,-0.024847448,0.013351516,0.014350173,
1547,-0.030260988,0.006919378,0.002259737,
1548,-0.14330449,-0.002335441,0.018717044,
1549,0.127127884,0.011590624,0.009036042,
1550,-0.049617697,0.001851922,-0.008152381,
1551,-0.017148776,-0.006867153,-0.012070409,
1552,0.05246162,0.004115979,0.016932633,
1553,0.129023033,0.001934852,0.002976427,
1554,-0.136252743,-0.006157689,0.00024,
1555,0.093203523,0.010245969,-0.00096072,
1556,-0.064744891,0.005597594,0.013791934,
1557,-0.14166354,0.00294927,-0.000946144,
1558,0.131427765,0.009355305,0.009308358,
1559,0.066811219,0.003623872,-0.005323293,
1560,0.113839239,0.009399202,-0.009550188,
1561,-0.106544486,-0.000137447,0.013060502,
1562,0.01064794,-0.001687984,0.013112774,
1563,-0.031163788,0.002580097,-0.001242758,
1564,0.109892649,0.002342212,-0.002411676,
1565,-0.040624301,-0.017303356,0.006620942,
1566,0.076514198,-0.009037682,-0.001873495,
1567,-0.128789506,0.002553964,-0.022845873,
1568,0.13905879,0.022126982,-0.003228846,
1569,0.038297009,-0.000292972,0.003285785,
1570,-0.053196672,-0.001535021,0.00956657,
1571,0.094011987,0.005536892,0.00185169,
1572,-0.07820499,0.014944509,0.018798238,
1573,0.110718472,-0.009277439,0.002872965,
1574,0.136941521,0.00255858,-0.002701166,
1575,0.145110847,0.021747121,0.015094593,
1576,0.145538351,0.012425874,0.005326702,
1577,0.015955517,-0.001383623,0.004371378,
1578,0.129307505,-0.002353198,0.014640329,
1579,-0.137866887,-0.007579978,0.004802969,
1580,-0.068751946,0.000926437,-0.002687243,
1581,0.143174049,-0.005308059,-0.010592162,
1582,-0.1127245,0.014147281,0.010065023,
1583,0.107645354,0.012243445,0.010881532,
1584,0.145313405,-0.0157235,0.003649517,
1585,0.116206892,0.01573474,-0.011852725,
1586,-0.142486732,-0.00601151,0.02118083,
1587,-0.008300697,0.003215159,0.000636324,
1588,-0.075567609,0.001876016,-0.001146658,
1589,0.133909658,0.010580579,-0.014142067,
1590,-0.021092919,-0.003328732,-0.001973958,
1591,-0.137500928,0.002668823,-0.010450852,
1592,0.049985493,0.00756208,0.000851663,
1593,0.064824759,-0.005629791,-0.009540927,
1594,0.081854472,-0.016033315,0.012175363,
1595,0.118071832,-0.013556413,-0.010131134,
1596,0.123350585,-0.003588627,0.00024,
1597,0.097102212,0.001912259,0.008356737,
1598,0.080981934,-0.001183205,0.012164185,
1599,-0.043587537,0.008332792,-0.010234388,
1600,0.015168513,-0.011739509,0.020596234,
1601,-0.017205288,0.011095658,0.005327262,
1602,-0.128508357,-0.017006903,-0.006409425,
1603,0.121836873,-0.000818865,-0.01194904,
1604,0.111325155,-0.003418603,0.00893827,
1605,-0.111158591,0.005159481,0.005554339,
1606,-0.05640264,0.00635687,-0.001455552,
1607,-0.064882849,-0.00035698,-0.005554825,
1608,-0.128275512,-0.00415328,-0.014130405,
1609,0.146547028,0.005892824,0.010129896,
1610,-0.071946138,-0.01582522,-0.012379889,
1611,-0.119895733,0.013196979,0.009237945,
1612,-0.132310603,-0.004771302,0.001050691,
1613,-0.103286937,0.020589501,-0.007151647,
1614,0.145409365,0.001598921,0.017071582,
1615,-0.013969855,-0.004390024,-0.00266928,
1616,-0.021183841,0.014385338,-0.0045895,
1617,-0.074837035,0.003215599,-0.00228755,
1618,-0.038173889,-0.004702691,0.002976682,
1619,-0.09304733,0.011170437,-0.009564923,
1620,0.115296334,0.004659171,0.000954588,
1621,-0.040046895,-0.007944323,-0.021079974,
1622,0.011478919,-0.010962747,0.006181171,
1623,0.013942457,-0.003331021,0.009979944,
1624,-0.099158197,0.010881926,0.003831585,
1625,-0.027263652,-0.004491443,0.003614223,
1626,0.067164851,-0.013446591,0.009207686,
1627,0.085605963,-0.016051887,-0.005112985,
1628,0.122997414,0.003932676,0.003184781,
1629,-0.108219347,0.007894091,0.003074859,
1630,0.057756767,0.006622326,0.008619596,
1631,0.069905037,-0.002312943,0.004344956,
1632,-0.088501236,-0.002017231,-0.003648743,
1633,0.10149391,0.011157438,0.003243003,
1634,-0.126613271,0.007443166,-0.009241038,
1635,0.104437663,0.005011196,0.001449078,
1636,0.119747227,-0.015298645,0.002051402,
1637,-0.098629956,-0.026073706,0.000440914,
1638,0.0264708,-0.007628882,0.005763752,
1639,-0.137871092,0.007880022,0.006732209,
1640,-0.077349149,-0.010258422,0.014529937,
1641,-0.007790385,-0.013493558,0.005131889,
1642,-0.013655159,-0.0149519,0.001310947,
1643,0.022746268,0.003626749,-0.005498145,
1644,-0.077474372,0.016916667,0.008358938,
1645,0.110510541,0.002772068,-0.006164017,
1646,0.118800728,-0.012957547,-0.00991627,
1647,0.083663334,0.020167145,0.003397074,
1648,-0.068383918,-0.016934815,-0.000153362,
1649,-0.091112852,0.009946392,-0.003498725,
1650,-0.139356899,0.021345718,0.015152078,
1651,-0.040179353,-0.005762951,-0.001900654,
1652,-0.088536368,-0.006885102,0.011746631,
1653,-0.021405005,-0.019903101,-0.00400181,
1654,0.104991646,0.013164541,-0.010990545,
1655,0.141524883,0.022129427,0.004254521,
1656,-0.137385129,-0.003754929,-0.017411677,
1657,0.100580163,0.018963269,-0.009191153,
1658,0.119943587,0.00389354,-0.003067266,
1659,-0.058845664,-0.001111367,0.009993655,
1660,0.031205786,0.002522039,-0.009817787,
1661,-0.02669817,-0.001714637,0.022672392,
1662,0.107137371,0.003278468,0.003388327,
1663,0.017241374,0.004477053,0.008968933,
1664,-0.004257355,0.005962568,0.005004239,
1665,-0.063338475,-0.002739537,0.004013979,
1666,0.094996809,-0.014292729,-0.002073728,
1667,0.031681308,-5.42751E-05,0.003621969,
1668,0.146480535,0.016990222,0.002262323,
1669,-0.127539496,0.007135197,0.003988217,
1670,-0.086923919,0.011399101,0.003303922,
1671,-0.015140815,0.003778374,-0.002719126,
1672,-0.113179699,0.002154483,0.004739713,
1673,-0.085489734,0.00039622,-0.010625326,
1674,-0.01077799,-0.014369883,0.007466826,
1675,0.10116948,0.002178783,-0.001577689,
1676,-0.050828536,0.004396305,-0.012123446,
1677,-0.007949059,0.01706168,-0.001700805,
1678,-0.070797502,0.002860587,0.001601225,
1679,0.088672643,-0.00611482,0.001016706,
1680,0.131715617,0.002579306,0.013823003,
1681,0.111533857,-0.005269245,0.001771636,
1682,-0.119862678,0.002075617,0.0023426,
1683,-0.139668222,0.011256633,0.001193743,
1684,0.120736313,0.002557138,0.004718275,
1685,-0.118323066,0.000681593,-0.00156222,
1686,0.110309207,-0.001188021,0.001380312,
1687,-0.099944515,-0.00896659,0.004986084,
1688,0.035042914,-0.00469186,-0.007412319,
1689,-0.110937277,-0.012019939,-0.003758543,
1690,0.080847466,-0.000193656,-0.00023792,
1691,-0.00970923,0.01193812,0.011046207,
1692,0.076127218,0.00668463,0.001280662,
1693,-0.010595708,0.002865519,-0.008454793,
1694,0.005941404,-0.013373188,-0.005003588,
1695,0.091998206,0.003482442,-0.009919066,
1696,0.082466652,-0.00355785,0.008276338,
1697,-0.113409256,-0.002543296,-0.008500736,
1698,0.035151937,0.01440303,0.004406715,
1699,-0.091032034,0.005774059,0.012881098,
1700,0.034668409,0.005888282,0.00386105,
1701,-0.051159042,0.012038384,0.003563206,
1702,-0.073390307,0.00635969,0.001281071,
1703,-0.05295956,0.009147048,0.010922482,
1704,-0.029348132,-0.000729843,-0.001817768,
1705,0.06455043,-0.002972643,-0.001447168,
1706,-0.137319064,0.000390568,0.004277217,
1707,0.067122733,-0.004528637,-0.006492813,
1708,-0.128209937,-0.001727122,0.00673598,
1709,-0.044924007,0.015390795,-0.007804131,
1710,-0.147201237,-0.010622595,0.000522933,
1711,-0.144859974,0.003068489,0.009855337,
1712,0.098408445,0.011913856,0.001733912,
1713,-0.04645869,0.002194715,-0.004607996,
1714,0.10092872,0.01480705,0.005954802,
1715,0.000665692,0.004896078,0.002848337,
1716,0.088470773,-0.002470348,0.011575083,
1717,0.033779423,0.005023595,-0.002607938,
1718,0.037446573,0.002557588,0.006965566,
1719,-0.123910917,-0.014376219,0.000972177,
1720,-0.004198578,-0.002636201,-0.000308679,
1721,0.097689758,0.007693143,0.00078898,
1722,-0.019831693,-0.015894479,0.01322578,
1723,0.070293569,0.005812509,0.00024,
1724,-0.10138008,-0.004451978,0.002858065,
1725,-0.078080169,-0.002251042,-0.001290668,
1726,-0.052933439,-0.005878987,0.010249902,
1727,0.017011146,0.011041871,0.002025714,
1728,0.146856203,0.008569468,0.003448538,
1729,0.082482973,0.009600935,0.003290849,
1730,0.024489096,-0.002474796,0.007649141,
1731,-0.075951066,-0.003438525,-0.001927632,
1732,0.07926054,0.005871829,-0.002630719,
1733,-0.010539969,-0.000431756,0.005686623,
1734,0.118681785,0.008300211,-0.001307748,
1735,0.00783168,0.002957093,0.002410245,
1736,-0.114618095,-0.01162905,0.001013395,
1737,0.111741864,0.016780055,-0.008724436,
1738,0.004402436,-0.003109763,0.007647985,
1739,-0.126978861,-0.005817961,7.75293E-06,
1740,0.103078535,-0.007211674,-0.003785983,
1741,-0.057727408,-0.014102105,-0.005046101,
1742,-0.073684343,0.002468832,-0.001322988,
1743,-0.066447592,-0.00791383,0.001805435,
1744,-0.074104227,0.022152902,-0.005699341,
1745,0.004576714,0.002024744,0.016828035,
1746,-0.147227089,0.011969815,0.00232806,
1747,0.020662227,0.009140086,0.010272412,
1748,0.070941262,-0.001085113,0.00436584,
1749,0.096340745,0.003057487,0.002218466,
1750,0.027469814,0.000116684,0.000695627,
1751,-0.113675247,-0.013216667,-0.001278142,
1752,0.04667624,0.01295442,-0.005765793,
1753,-0.016099195,0.005454858,0.005670195,
1754,-0.098948043,0.00914538,-0.001889872,
1755,0.106507425,-1.31925E-05,0.001002311,
1756,-0.07163775,-0.003830558,-0.001131153,
1757,0.084897195,0.01729996,-0.006319863,
1758,0.072819407,-0.001439409,0.006075365,
1759,0.043044222,0.00493628,-0.001668397,
1760,-0.062601236,-0.01011538,-0.002972199,
1761,-0.133650057,0.0050942,0.002081403,
1762,0.035825866,0.004549674,0.007132855,
1763,-0.114087916,0.002455501,0.003510746,
1764,0.011103773,-0.016190129,-0.000897225,
1765,0.130660182,-0.001197749,-0.010082565,
1766,-0.111888216,-0.017675399,0.001390395,
1767,0.055380238,0.010181553,-0.008492971,
1768,-0.087488687,0.00397093,0.001399196,
1769,0.058582346,-0.000279591,-0.000686245,
1770,0.057539911,0.027538383,-0.000841689,
1771,0.043732733,0.008115893,0.016173158,
1772,0.066363439,-0.00499565,0.001610423,
1773,-0.144542708,-0.001807878,0.00145643,
1774,-0.00842944,-0.007869603,0.000315921,
1775,0.130441743,0.000509875,-0.001658254,
1776,-0.000773919,-0.000919135,-0.003639787,
1777,0.139225207,-0.007683411,1.08569E-05,
1778,-0.088720145,0.008115758,0.004823302,
1779,0.049771277,-0.010155827,0.000848349,
1780,-0.048554915,0.013919821,-0.005611562,
1781,-0.072427846,-0.001954357,0.007807673,
1782,-0.011870626,0.012205815,-0.00416022,
1783,-0.126427217,0.006285701,0.00382146,
1784,-0.003210457,0.000632946,0.009275702,
1785,0.143678669,-0.000643199,-0.001039306,
1786,-0.143471301,-0.005880268,0.001822354,
1787,-0.076563731,-0.022751799,-0.000888413,
1788,-0.064294163,-0.0240825,-0.011885395,
1789,-0.099651317,-0.00365941,-0.013025153,
1790,-0.05677305,0.001062018,0.002480516,
1791,-0.058897576,-0.018411258,-0.001532996,
1792,-0.143843466,-0.009947051,-0.01976156,
1793,-0.066956571,0.010273667,-0.004409346,
1794,-0.146853109,-0.012844418,0.006336168,
1795,0.063205945,-0.012319832,-0.006684811,
1796,0.12134186,0.008878006,-0.007287734,
1797,0.117205895,0.020303288,0.007106251,
1798,0.076273986,0.006436417,0.012134378,
1799,0.09399091,-0.027759291,0.005411985,
1800,0.068443496,0.015431333,-0.017457007,
1801,0.09161935,0.02198913,0.009843159,
1802,-0.079275786,0.00025,0.011009649,
1803,0.005615594,-0.029699858,0.002106464,
1804,-0.076343296,-0.003242596,-0.014353953,
1805,-0.018057369,-0.01026451,-0.002674818,
1806,-0.063688797,0.001170941,-0.007423704,
1807,-0.129366481,-0.002227175,-7.84873E-05,
1808,-0.087829049,-0.021035653,0.004938965,
1809,-0.098133258,-0.019033747,-0.011333508,
1810,0.085603894,0.010451064,-0.011388839,
1811,0.061405835,0.035373665,0.007380482,
1812,0.071784233,-0.013181359,0.021590307,
1813,0.136129881,-0.019096518,-0.005755086,
1814,-0.132265786,-0.001795886,-0.008965603,
1815,-0.136022814,0.018114988,0.003363765,
1816,-0.013750968,-0.004065926,0.007745613,
1817,-0.121500012,0.006751951,-0.004435883,
1818,-0.040635568,0.012021461,-7.85126E-05,
1819,0.149150832,-0.017627412,0.003983489,
1820,-0.038674011,0.004872941,-0.008092011,
1821,-0.046167481,0.037638553,0.006641537,
1822,0.054672309,0.014250554,0.020038069,
1823,-0.136058574,0.006811859,-0.002254901,
1824,0.148194244,-0.014689563,0.007118169,
1825,-0.139651253,0.00025,-0.006358355,
1826,-0.145347031,-0.015054012,0.002662521,
1827,0.115625356,-0.000310067,-0.005840488,
1828,0.009504452,0.009636383,0.001808627,
1829,0.066066953,-0.020430083,0.004390392,
1830,0.027663127,-0.023842971,-0.010677882,
1831,0.029040733,-0.007591998,-0.016159944,
1832,0.139943363,-0.00048185,-0.004008537,
1833,0.077278021,0.006109089,-0.001128499,
1834,0.140348191,0.023258592,0.004431818,
1835,0.008515054,-0.025088078,0.013726434,
1836,0.12439284,-0.014500986,-0.006334297,
1837,0.010395587,0.031972502,-0.00733455,
1838,-0.047453754,0.002692529,0.018557708,
1839,-0.066095779,-0.001756593,0.003395819,
1840,0.141496192,-0.009372289,0.001576964,
1841,-0.054677371,0.020986659,-0.000466802,
1842,0.038346579,0.001244459,0.009671737,
1843,-0.072647365,-0.016355166,-0.001706586,
1844,0.00543848,0.01222864,-0.003738858,
1845,-0.07091228,0.011944238,0.00611452,
1846,-0.144963131,-0.008207852,0.002576085,
1847,0.00843836,-0.005578831,-0.000692217,
1848,0.079752732,-0.013478014,-0.002714938,
1849,0.021523045,-0.00975435,-0.003971434,
1850,0.06798458,0.008305067,-0.003989347,
1851,0.026951602,-0.009193557,0.003464776,
1852,0.008885101,0.00538347,-0.002268781,
1853,-0.132653057,0.020970852,0.000947302,
1854,-0.091165955,0.015403681,0.011628628,
1855,-0.138323268,0.002784854,0.008937733,
1856,-0.132409977,0.00362126,0.001856737,
1857,-0.045082322,-0.008849818,0.004928686,
1858,-0.076102387,0.00321694,-0.003432198,
1859,0.13008505,-0.012709572,9.59995E-06,
1860,-0.100186229,-0.001462573,-0.002985768,
1861,0.019084481,0.001536633,-0.001069963,
1862,0.015691233,0.011672045,0.001397318,
1863,0.070818313,0.012248871,0.004940963,
1864,-0.106366448,0.007503452,0.00131389,
1865,-0.118568118,-0.00030394,0.00024,
1866,0.026722189,0.00108137,0.000623112,
1867,-0.091155305,0.009387478,0.00560152,
1868,0.042025583,-0.021838078,0.001763693,
1869,0.083487759,-0.008097363,-0.008812206,
1870,0.078252181,0.011780028,-0.004749637,
1871,0.035724673,-0.000729021,0.011272287,
1872,-0.036691675,-0.023969516,0.001079359,
1873,0.110855261,0.007221022,0.010532772,
1874,-0.072672102,-0.003143512,0.00325864,
1875,0.002062135,0.000931013,0.000465747,
1876,0.043019317,0.00174721,0.002346161,
1877,0.091252393,-0.005050353,0.001741276,
1878,-0.137125506,0.013913069,-0.00253316,
1879,0.129032579,-0.010937492,0.004749583,
1880,0.132103283,-0.013108779,-0.004398945,
1881,-0.105798173,0.012546214,-0.003067547,
1882,0.085746873,0.003252593,0.007631153,
1883,-0.045327674,0.007325793,0.008475383,
1884,-0.080095325,-0.003398156,0.000982556,
1885,0.101186401,-0.006937415,-5.67278E-05,
1886,0.08180742,-0.011906809,-0.00117025,
1887,0.100746525,-0.000994469,-0.003476367,
1888,-0.13202183,0.022955247,0.002328876,
1889,0.084981221,0.013922668,0.011481885,
1890,0.060313421,-0.005626068,0.002080536,
1891,0.109629002,0.007638501,-0.001229724,
1892,-0.108180545,0.001850213,0.000534304,
1893,-0.000986817,-0.004409832,0.00134359,
1894,-0.018919314,0.021250535,-0.000935843,
1895,-0.020281863,0.007979595,0.008775038,
1896,0.094379653,0.006100234,0.002355729,
1897,0.084959741,-0.004144468,0.002060035,
1898,-0.04527853,-0.001697293,-0.002957464,
1899,0.072461583,0.005973205,0.000823254,
1900,0.044471843,-0.010225944,0.001551512,
1901,0.105277047,0.002471932,0.000676564,
1902,0.025129244,0.001032473,0.004458438,
1903,-0.003047348,0.007547368,0.003209581,
1904,0.126583022,0.008400065,0.003417282,
1905,0.084223909,-0.011683787,0.002903454,
1906,0.098366783,0.004925325,-0.005575184,
1907,-0.033712133,-0.00311091,-0.000915474,
1908,-0.085120177,-0.02205869,0.00024,
1909,0.05405419,-0.001872579,-0.007206451,
1910,0.041747073,0.004371244,-0.000925394,
1911,0.094369174,0.012960181,-0.001801894,
1912,0.052855188,0.006263858,0.011420161,
1913,-0.133842724,0.004668454,0.003997732,
1914,0.038336808,-0.009065565,0.002111836,
1915,-0.104726739,0.009261362,-0.005221325,
1916,0.104386348,0.001803197,0.000818071,
1917,-0.037983125,0.018988692,0.002550767,
1918,0.107687063,0.00773446,0.007228437,
1919,0.124866515,-0.001009129,0.002958788,
1920,-0.108130071,-0.000380358,0.002808662,
1921,-0.015841898,0.001133058,2.65419E-05,
1922,-0.085660567,0.001762478,0.000595923,
1923,0.079821809,0.001508495,0.000880361,
1924,0.09924666,-0.004526269,0.00180455,
1925,0.038089589,-0.021977835,-0.003665141,
1926,-0.072149707,0.002187484,-0.013517246,
1927,-0.101473788,0.013657245,0.003853761,
1928,0.06316264,0.002030944,0.010034016,
1929,0.081244966,-0.004702381,0.000739265,
1930,0.149864627,0.018499107,-0.001542023,
1931,0.043584043,0.000751316,0.007594991,
1932,-0.030258587,-0.003006921,0.004493208,
1933,0.039232465,-0.003708778,-0.001171732,
1934,-0.011206724,0.008640638,-0.004001182,
1935,0.032798054,0.003002753,0.009823304,
1936,0.032346352,-0.006113863,0.003474496,
1937,0.047329511,0.002259293,-0.001021599,
1938,-0.039910999,0.004260528,0.001362793,
1939,-0.103712228,-0.001123112,0.0083712,
1940,-0.106350354,-0.012875,0.00024,
1941,0.017352992,-0.00025665,-0.002123997,
1942,-0.049244774,0.005192339,0.001215676,
1943,-0.114330358,-0.004415826,-0.000386584,
1944,0.076101158,-0.006464811,-0.003591951,
1945,-0.136799092,0.00025,-0.006404286,
1946,-0.062117231,0.011440746,0.006224651,
1947,0.057703189,-0.00372911,0.006049021,
1948,-0.139694796,-0.007365481,-0.002056242,
1949,-0.079687432,-0.001385426,-0.003526236,
1950,0.059619828,0.003148185,-0.002280281,
1951,-0.022109014,-0.020732535,0.002134968,
1952,0.001112613,0.003458419,-0.007535818,
1953,-0.031094362,0.002296821,0.004546679,
1954,-0.06771437,0.0028033,-0.001165975,
1955,-0.046294538,0.00992783,0.002985526,
1956,0.085906224,0.011348499,0.004803325,
1957,-0.092000709,-0.008231976,0.007158743,
1958,0.140604336,-0.003020852,-0.001217593,
1959,0.108751998,-0.011740408,0.000309577,
1960,0.103502559,0.006892821,-0.003652202,
1961,-0.089307069,-0.007364213,0.002682088,
1962,0.040280222,0.008945652,-0.003796981,
1963,-0.052822185,0.012040061,0.003384874,
1964,-0.017250308,-0.013156841,0.007763986,
1965,-0.007616631,0.003298006,0.032408573,
1966,0.086218165,0.009239618,-0.001019393,
1967,0.129668918,0.00627334,-0.000670718,
1968,-0.021878386,0.003617843,-0.005709114,
1969,0.008602057,0.008952138,-0.006516151,
1970,-0.093407093,0.001728925,0.00564544,
1971,-0.118973467,-0.00110368,0.001825284,
1972,-0.051365493,0.00025,0.00065289,
1973,0.11467091,0.009595794,-3.50912E-05,
1974,0.086015681,-0.001577485,0.001891345,
1975,0.090254915,-0.009392378,-0.012604705,
1976,0.116671601,-0.002461363,-0.007325857,
1977,0.128882234,0.007788309,-0.003225244,
1978,-0.126513182,0.000740617,0.019237774,
1979,0.124908394,0.000740376,0.006587426,
1980,0.022293817,0.004661224,0.000925589,
1981,-0.007424512,0.009399689,0.000719556,
1982,0.022603623,0.000473283,0.000408749,
1983,-0.043745554,0.015385592,0.011525628,
1984,-0.042705816,0.010716583,-0.002487343,
1985,0.141720558,-0.000748378,0.007428584,
1986,-0.076057324,-0.002748126,-0.012264825,
1987,-0.015121148,0.006389582,-0.000296566,
1988,-0.043232174,-0.003236924,0.01205155,
1989,0.128555009,0.003749125,1.26425E-05,
1990,0.043697633,0.003363325,-0.005143251,
1991,0.128410305,-0.020234171,0.015028763,
1992,-0.087481223,-0.00862199,-0.016061045,
1993,0.073329015,-0.024046675,0.001538167,
1994,-0.013380058,0.015977392,-0.029427405,
1995,-0.028324015,0.025669355,0.005977585,
1996,-0.004513585,0.002137505,0.019308475,
1997,-0.006816862,0.01569838,-0.005128098,
1998,0.123604161,-0.003089518,0.014657849,
1999,-0.045066144,-0.010670824,0.00024,
2000,0.056934765,0.011542346,-0.016785082,
2001,0.127551419,0.010175558,-0.007508151,